item_category,total_views,total_fav,total_cart,total_sales,view_to_fav_rate,fav_to_cart_rate,cart_to_buy_rate,view_to_buy_rate
4527,2,0,0,2,0.00%,NULL,NULL,100.00%
12895,2,1,0,2,50.00%,0.00%,NULL,100.00%
7628,1,0,0,1,0.00%,NULL,NULL,100.00%
129,2,0,1,1,0.00%,NULL,100.00%,50.00%
2468,2,0,1,1,0.00%,NULL,100.00%,50.00%
369,2,0,0,1,0.00%,NULL,NULL,50.00%
5609,2,0,1,1,0.00%,NULL,100.00%,50.00%
5105,2,0,1,1,0.00%,NULL,100.00%,50.00%
11336,2,0,1,1,0.00%,NULL,100.00%,50.00%
5069,2,0,0,1,0.00%,NULL,NULL,50.00%
13900,2,0,1,1,0.00%,NULL,100.00%,50.00%
7912,2,0,1,1,0.00%,NULL,100.00%,50.00%
8680,2,0,1,1,0.00%,NULL,100.00%,50.00%
6098,5,0,3,2,0.00%,NULL,66.67%,40.00%
6668,18,1,1,7,5.56%,100.00%,700.00%,38.89%
6488,11,0,0,4,0.00%,NULL,NULL,36.36%
11337,3,0,0,1,0.00%,NULL,NULL,33.33%
8799,3,1,0,1,33.33%,0.00%,NULL,33.33%
101,3,0,0,1,0.00%,NULL,NULL,33.33%
5279,3,0,1,1,0.00%,NULL,100.00%,33.33%
7790,9,0,4,3,0.00%,NULL,75.00%,33.33%
1529,3,0,0,1,0.00%,NULL,NULL,33.33%
11059,6,0,0,2,0.00%,NULL,NULL,33.33%
11735,3,0,1,1,0.00%,NULL,100.00%,33.33%
13175,3,0,0,1,0.00%,NULL,NULL,33.33%
2867,3,0,2,1,0.00%,NULL,50.00%,33.33%
8039,3,0,1,1,0.00%,NULL,100.00%,33.33%
10601,3,0,3,1,0.00%,NULL,33.33%,33.33%
258,3,0,1,1,0.00%,NULL,100.00%,33.33%
2178,118,1,11,34,0.85%,1100.00%,309.09%,28.81%
11531,25,0,7,7,0.00%,NULL,100.00%,28.00%
3842,11,0,0,3,0.00%,NULL,NULL,27.27%
2949,1474,21,39,373,1.42%,185.71%,956.41%,25.31%
1614,4,0,0,1,0.00%,NULL,NULL,25.00%
8434,4,0,1,1,0.00%,NULL,100.00%,25.00%
10423,4,0,0,1,0.00%,NULL,NULL,25.00%
2392,4,0,1,1,0.00%,NULL,100.00%,25.00%
3038,4,1,0,1,25.00%,0.00%,NULL,25.00%
11074,4,0,0,1,0.00%,NULL,NULL,25.00%
8054,4,0,1,1,0.00%,NULL,100.00%,25.00%
11754,45,0,0,11,0.00%,NULL,NULL,24.44%
5835,17,0,4,4,0.00%,NULL,100.00%,23.53%
1497,9,0,0,2,0.00%,NULL,NULL,22.22%
13040,126,0,15,28,0.00%,NULL,186.67%,22.22%
1157,59,0,10,13,0.00%,NULL,130.00%,22.03%
5806,24,0,1,5,0.00%,NULL,500.00%,20.83%
11722,10,0,2,2,0.00%,NULL,100.00%,20.00%
9703,10,0,4,2,0.00%,NULL,50.00%,20.00%
1664,15,0,3,3,0.00%,NULL,100.00%,20.00%
8821,5,0,0,1,0.00%,NULL,NULL,20.00%
1075,5,0,1,1,0.00%,NULL,100.00%,20.00%
6814,5,0,1,1,0.00%,NULL,100.00%,20.00%
3043,5,0,0,1,0.00%,NULL,NULL,20.00%
299,10,0,1,2,0.00%,NULL,200.00%,20.00%
11828,5,0,0,1,0.00%,NULL,NULL,20.00%
6666,20,0,12,4,0.00%,NULL,33.33%,20.00%
11620,5,0,1,1,0.00%,NULL,100.00%,20.00%
7126,5,0,2,1,0.00%,NULL,50.00%,20.00%
10196,5,0,0,1,0.00%,NULL,NULL,20.00%
12071,5,0,1,1,0.00%,NULL,100.00%,20.00%
4469,31,1,0,6,3.23%,0.00%,NULL,19.35%
10960,16,0,5,3,0.00%,NULL,60.00%,18.75%
1908,11,0,2,2,0.00%,NULL,100.00%,18.18%
13758,6,0,0,1,0.00%,NULL,NULL,16.67%
9531,6,0,2,1,0.00%,NULL,50.00%,16.67%
12232,6,0,1,1,0.00%,NULL,100.00%,16.67%
12792,6,0,1,1,0.00%,NULL,100.00%,16.67%
5816,24,2,8,4,8.33%,400.00%,50.00%,16.67%
8134,6,0,1,1,0.00%,NULL,100.00%,16.67%
12405,6,0,0,1,0.00%,NULL,NULL,16.67%
1040,42,1,3,7,2.38%,300.00%,233.33%,16.67%
1676,6,0,1,1,0.00%,NULL,100.00%,16.67%
11591,6,0,1,1,0.00%,NULL,100.00%,16.67%
3603,6,0,2,1,0.00%,NULL,50.00%,16.67%
12473,12,0,2,2,0.00%,NULL,100.00%,16.67%
12077,12,0,0,2,0.00%,NULL,NULL,16.67%
2472,6,1,0,1,16.67%,0.00%,NULL,16.67%
8518,48,1,0,8,2.08%,0.00%,NULL,16.67%
12260,6,0,1,1,0.00%,NULL,100.00%,16.67%
5008,12,1,1,2,8.33%,100.00%,200.00%,16.67%
10865,6,0,0,1,0.00%,NULL,NULL,16.67%
9156,12,0,4,2,0.00%,NULL,50.00%,16.67%
577,24,0,7,4,0.00%,NULL,57.14%,16.67%
13206,6,0,1,1,0.00%,NULL,100.00%,16.67%
7505,6,0,0,1,0.00%,NULL,NULL,16.67%
8166,56,0,5,9,0.00%,NULL,180.00%,16.07%
13122,13,0,2,2,0.00%,NULL,100.00%,15.38%
2940,13,0,1,2,0.00%,NULL,200.00%,15.38%
1393,33,0,0,5,0.00%,NULL,NULL,15.15%
7913,20,0,1,3,0.00%,NULL,300.00%,15.00%
7889,94,0,10,14,0.00%,NULL,140.00%,14.89%
13360,27,0,1,4,0.00%,NULL,400.00%,14.81%
3457,61,0,6,9,0.00%,NULL,150.00%,14.75%
6544,118,2,0,17,1.69%,0.00%,NULL,14.41%
1768,7,1,2,1,14.29%,200.00%,50.00%,14.29%
2938,7,0,1,1,0.00%,NULL,100.00%,14.29%
6394,7,1,0,1,14.29%,0.00%,NULL,14.29%
3664,14,0,4,2,0.00%,NULL,50.00%,14.29%
10438,7,0,1,1,0.00%,NULL,100.00%,14.29%
9121,14,0,0,2,0.00%,NULL,NULL,14.29%
9087,7,0,2,1,0.00%,NULL,50.00%,14.29%
1917,7,0,1,1,0.00%,NULL,100.00%,14.29%
9398,7,0,0,1,0.00%,NULL,NULL,14.29%
6980,7,0,1,1,0.00%,NULL,100.00%,14.29%
3565,21,2,3,3,9.52%,150.00%,100.00%,14.29%
11328,7,0,0,1,0.00%,NULL,NULL,14.29%
7284,7,0,1,1,0.00%,NULL,100.00%,14.29%
9683,7,0,0,1,0.00%,NULL,NULL,14.29%
11308,58,1,10,8,1.72%,1000.00%,80.00%,13.79%
12104,22,0,2,3,0.00%,NULL,150.00%,13.64%
2496,22,0,2,3,0.00%,NULL,150.00%,13.64%
1714,22,0,1,3,0.00%,NULL,300.00%,13.64%
2325,22,0,4,3,0.00%,NULL,75.00%,13.64%
8439,125,0,5,17,0.00%,NULL,340.00%,13.60%
5814,103,5,8,14,4.85%,160.00%,175.00%,13.59%
7456,15,0,0,2,0.00%,NULL,NULL,13.33%
7445,15,0,3,2,0.00%,NULL,66.67%,13.33%
10405,145,1,15,19,0.69%,1500.00%,126.67%,13.10%
2423,23,0,3,3,0.00%,NULL,100.00%,13.04%
3928,39,0,4,5,0.00%,NULL,125.00%,12.82%
14046,8,0,1,1,0.00%,NULL,100.00%,12.50%
12064,8,0,2,1,0.00%,NULL,50.00%,12.50%
13888,16,0,2,2,0.00%,NULL,100.00%,12.50%
3826,8,0,1,1,0.00%,NULL,100.00%,12.50%
2320,8,0,1,1,0.00%,NULL,100.00%,12.50%
6352,8,0,0,1,0.00%,NULL,NULL,12.50%
12549,8,1,1,1,12.50%,100.00%,100.00%,12.50%
11280,8,0,0,1,0.00%,NULL,NULL,12.50%
9604,8,0,2,1,0.00%,NULL,50.00%,12.50%
7128,8,0,0,1,0.00%,NULL,NULL,12.50%
2556,8,1,1,1,12.50%,100.00%,100.00%,12.50%
12616,8,0,2,1,0.00%,NULL,50.00%,12.50%
5322,8,0,0,1,0.00%,NULL,NULL,12.50%
12589,8,0,1,1,0.00%,NULL,100.00%,12.50%
13044,16,0,2,2,0.00%,NULL,100.00%,12.50%
10868,8,0,0,1,0.00%,NULL,NULL,12.50%
1273,8,0,0,1,0.00%,NULL,NULL,12.50%
11861,121,5,6,15,4.13%,120.00%,250.00%,12.40%
5379,107,1,13,13,0.93%,1300.00%,100.00%,12.15%
2240,33,1,2,4,3.03%,200.00%,200.00%,12.12%
3061,25,1,5,3,4.00%,500.00%,60.00%,12.00%
7575,25,0,1,3,0.00%,NULL,300.00%,12.00%
7384,92,0,10,11,0.00%,NULL,110.00%,11.96%
11006,17,0,0,2,0.00%,NULL,NULL,11.76%
8843,17,0,1,2,0.00%,NULL,200.00%,11.76%
8115,86,0,10,10,0.00%,NULL,100.00%,11.63%
4016,61,0,11,7,0.00%,NULL,63.64%,11.48%
5404,9,0,0,1,0.00%,NULL,NULL,11.11%
2516,36,1,5,4,2.78%,500.00%,80.00%,11.11%
7854,36,0,8,4,0.00%,NULL,50.00%,11.11%
8589,18,0,0,2,0.00%,NULL,NULL,11.11%
10551,27,0,3,3,0.00%,NULL,100.00%,11.11%
8245,9,0,1,1,0.00%,NULL,100.00%,11.11%
11659,18,0,3,2,0.00%,NULL,66.67%,11.11%
3610,18,2,1,2,11.11%,50.00%,200.00%,11.11%
6193,9,0,2,1,0.00%,NULL,50.00%,11.11%
11112,36,0,2,4,0.00%,NULL,200.00%,11.11%
5868,9,0,0,1,0.00%,NULL,NULL,11.11%
2559,9,0,1,1,0.00%,NULL,100.00%,11.11%
9689,9,0,2,1,0.00%,NULL,50.00%,11.11%
6696,9,0,2,1,0.00%,NULL,50.00%,11.11%
8741,18,0,3,2,0.00%,NULL,66.67%,11.11%
3811,9,0,0,1,0.00%,NULL,NULL,11.11%
9037,9,0,0,1,0.00%,NULL,NULL,11.11%
6501,9,1,1,1,11.11%,100.00%,100.00%,11.11%
7843,109,2,11,12,1.83%,550.00%,109.09%,11.01%
1436,64,2,9,7,3.13%,450.00%,77.78%,10.94%
8579,220,7,44,24,3.18%,628.57%,54.55%,10.91%
1034,46,6,3,5,13.04%,50.00%,166.67%,10.87%
2167,37,4,5,4,10.81%,125.00%,80.00%,10.81%
4433,37,0,4,4,0.00%,NULL,100.00%,10.81%
12309,223,1,0,24,0.45%,0.00%,NULL,10.76%
11344,28,0,1,3,0.00%,NULL,300.00%,10.71%
11604,311,4,59,33,1.29%,1475.00%,55.93%,10.61%
6469,76,0,19,8,0.00%,NULL,42.11%,10.53%
12642,19,0,2,2,0.00%,NULL,100.00%,10.53%
3804,19,0,2,2,0.00%,NULL,100.00%,10.53%
3459,19,0,6,2,0.00%,NULL,33.33%,10.53%
4417,29,0,0,3,0.00%,NULL,NULL,10.34%
10220,29,1,1,3,3.45%,100.00%,300.00%,10.34%
4868,39,1,2,4,2.56%,200.00%,200.00%,10.26%
9570,88,2,11,9,2.27%,550.00%,81.82%,10.23%
9851,30,0,0,3,0.00%,NULL,NULL,10.00%
10557,30,0,4,3,0.00%,NULL,75.00%,10.00%
12794,10,0,1,1,0.00%,NULL,100.00%,10.00%
3553,10,0,1,1,0.00%,NULL,100.00%,10.00%
7214,10,0,0,1,0.00%,NULL,NULL,10.00%
5126,20,1,1,2,5.00%,100.00%,200.00%,10.00%
10755,10,0,1,1,0.00%,NULL,100.00%,10.00%
1220,10,0,2,1,0.00%,NULL,50.00%,10.00%
8643,10,0,1,1,0.00%,NULL,100.00%,10.00%
7059,10,0,0,1,0.00%,NULL,NULL,10.00%
11511,30,0,8,3,0.00%,NULL,37.50%,10.00%
3374,10,0,1,1,0.00%,NULL,100.00%,10.00%
2978,10,0,0,1,0.00%,NULL,NULL,10.00%
11867,10,0,0,1,0.00%,NULL,NULL,10.00%
2424,41,0,2,4,0.00%,NULL,200.00%,9.76%
4038,41,6,4,4,14.63%,66.67%,100.00%,9.76%
11527,31,0,3,3,0.00%,NULL,100.00%,9.68%
3542,73,3,5,7,4.11%,166.67%,140.00%,9.59%
1186,42,1,1,4,2.38%,100.00%,400.00%,9.52%
10608,32,0,0,3,0.00%,NULL,NULL,9.38%
12255,11,0,1,1,0.00%,NULL,100.00%,9.09%
636,11,0,0,1,0.00%,NULL,NULL,9.09%
13781,22,1,4,2,4.55%,400.00%,50.00%,9.09%
11174,22,0,1,2,0.00%,NULL,200.00%,9.09%
572,22,2,3,2,9.09%,150.00%,66.67%,9.09%
2519,11,0,0,1,0.00%,NULL,NULL,9.09%
3035,33,0,2,3,0.00%,NULL,150.00%,9.09%
937,11,0,1,1,0.00%,NULL,100.00%,9.09%
3094,11,0,1,1,0.00%,NULL,100.00%,9.09%
12225,11,0,1,1,0.00%,NULL,100.00%,9.09%
7115,11,0,2,1,0.00%,NULL,50.00%,9.09%
465,11,0,1,1,0.00%,NULL,100.00%,9.09%
8241,11,0,1,1,0.00%,NULL,100.00%,9.09%
2098,11,0,0,1,0.00%,NULL,NULL,9.09%
6894,11,1,1,1,9.09%,100.00%,100.00%,9.09%
4299,11,0,0,1,0.00%,NULL,NULL,9.09%
2239,22,0,3,2,0.00%,NULL,66.67%,9.09%
506,11,1,0,1,9.09%,0.00%,NULL,9.09%
4596,22,1,1,2,4.55%,100.00%,200.00%,9.09%
14073,189,1,48,17,0.53%,4800.00%,35.42%,8.99%
12514,734,1,0,66,0.14%,0.00%,NULL,8.99%
5586,90,1,11,8,1.11%,1100.00%,72.73%,8.89%
2229,90,1,17,8,1.11%,1700.00%,47.06%,8.89%
1065,34,0,0,3,0.00%,NULL,NULL,8.82%
5746,593,4,98,52,0.67%,2450.00%,53.06%,8.77%
2510,411,4,66,36,0.97%,1650.00%,54.55%,8.76%
4118,23,0,0,2,0.00%,NULL,NULL,8.70%
7125,186,4,0,16,2.15%,0.00%,NULL,8.60%
10121,3110,8,0,267,0.26%,0.00%,NULL,8.59%
11613,35,0,4,3,0.00%,NULL,75.00%,8.57%
5028,70,1,3,6,1.43%,300.00%,200.00%,8.57%
1227,164,0,13,14,0.00%,NULL,107.69%,8.54%
5315,71,0,0,6,0.00%,NULL,NULL,8.45%
1911,790,9,0,66,1.14%,0.00%,NULL,8.35%
12096,168,2,4,14,1.19%,200.00%,350.00%,8.33%
8028,12,1,1,1,8.33%,100.00%,100.00%,8.33%
3896,24,0,1,2,0.00%,NULL,200.00%,8.33%
5062,24,2,4,2,8.33%,200.00%,50.00%,8.33%
5851,12,0,0,1,0.00%,NULL,NULL,8.33%
3037,12,0,0,1,0.00%,NULL,NULL,8.33%
2340,12,0,2,1,0.00%,NULL,50.00%,8.33%
1922,12,0,0,1,0.00%,NULL,NULL,8.33%
13998,12,0,1,1,0.00%,NULL,100.00%,8.33%
7666,12,0,2,1,0.00%,NULL,50.00%,8.33%
7439,12,0,0,1,0.00%,NULL,NULL,8.33%
11779,97,0,29,8,0.00%,NULL,27.59%,8.25%
145,73,1,5,6,1.37%,500.00%,120.00%,8.22%
9622,159,3,10,13,1.89%,333.33%,130.00%,8.18%
11704,86,4,10,7,4.65%,250.00%,70.00%,8.14%
564,136,5,15,11,3.68%,300.00%,73.33%,8.09%
5554,248,2,0,20,0.81%,0.00%,NULL,8.06%
3838,174,6,32,14,3.45%,533.33%,43.75%,8.05%
4751,486,4,57,39,0.82%,1425.00%,68.42%,8.02%
3782,25,1,3,2,4.00%,300.00%,66.67%,8.00%
2852,25,0,2,2,0.00%,NULL,100.00%,8.00%
12256,50,2,7,4,4.00%,350.00%,57.14%,8.00%
3403,151,5,7,12,3.31%,140.00%,171.43%,7.95%
3031,38,1,3,3,2.63%,300.00%,100.00%,7.89%
7717,178,1,38,14,0.56%,3800.00%,36.84%,7.87%
12363,51,0,3,4,0.00%,NULL,133.33%,7.84%
9251,51,2,5,4,3.92%,250.00%,80.00%,7.84%
4776,665,1,15,52,0.15%,1500.00%,346.67%,7.82%
11953,64,0,3,5,0.00%,NULL,166.67%,7.81%
4692,129,2,20,10,1.55%,1000.00%,50.00%,7.75%
9727,271,0,25,21,0.00%,NULL,84.00%,7.75%
6688,26,0,0,2,0.00%,NULL,NULL,7.69%
4730,13,0,1,1,0.00%,NULL,100.00%,7.69%
10485,39,0,2,3,0.00%,NULL,150.00%,7.69%
7589,13,0,0,1,0.00%,NULL,NULL,7.69%
13677,26,0,3,2,0.00%,NULL,66.67%,7.69%
8101,13,0,1,1,0.00%,NULL,100.00%,7.69%
3556,13,1,0,1,7.69%,0.00%,NULL,7.69%
12846,26,0,0,2,0.00%,NULL,NULL,7.69%
13290,13,0,1,1,0.00%,NULL,100.00%,7.69%
14016,26,0,0,2,0.00%,NULL,NULL,7.69%
4324,13,0,1,1,0.00%,NULL,100.00%,7.69%
3930,13,0,0,1,0.00%,NULL,NULL,7.69%
11767,13,1,1,1,7.69%,100.00%,100.00%,7.69%
5035,13,0,0,1,0.00%,NULL,NULL,7.69%
7814,13,0,1,1,0.00%,NULL,100.00%,7.69%
7774,13,0,1,1,0.00%,NULL,100.00%,7.69%
6878,13,1,0,1,7.69%,0.00%,NULL,7.69%
13020,13,0,0,1,0.00%,NULL,NULL,7.69%
3654,288,23,52,22,7.99%,226.09%,42.31%,7.64%
4560,2108,51,267,160,2.42%,523.53%,59.93%,7.59%
6463,53,1,4,4,1.89%,400.00%,100.00%,7.55%
7399,93,4,10,7,4.30%,250.00%,70.00%,7.53%
10205,40,1,5,3,2.50%,500.00%,60.00%,7.50%
2761,40,0,1,3,0.00%,NULL,300.00%,7.50%
6418,80,1,9,6,1.25%,900.00%,66.67%,7.50%
7973,67,2,6,5,2.99%,300.00%,83.33%,7.46%
4302,175,7,16,13,4.00%,228.57%,81.25%,7.43%
12400,27,0,0,2,0.00%,NULL,NULL,7.41%
2670,27,0,4,2,0.00%,NULL,50.00%,7.41%
10723,27,0,3,2,0.00%,NULL,66.67%,7.41%
13946,27,1,3,2,3.70%,300.00%,66.67%,7.41%
28,68,10,9,5,14.71%,90.00%,55.56%,7.35%
7116,41,1,2,3,2.44%,200.00%,150.00%,7.32%
4990,96,1,7,7,1.04%,700.00%,100.00%,7.29%
3607,234,9,31,17,3.85%,344.44%,54.84%,7.26%
1316,193,7,7,14,3.63%,100.00%,200.00%,7.25%
6507,277,7,8,20,2.53%,114.29%,250.00%,7.22%
9561,817,19,117,59,2.33%,615.79%,50.43%,7.22%
7229,947,6,0,68,0.63%,0.00%,NULL,7.18%
7025,447,5,33,32,1.12%,660.00%,96.97%,7.16%
1300,84,2,7,6,2.38%,350.00%,85.71%,7.14%
7861,14,0,2,1,0.00%,NULL,50.00%,7.14%
3221,28,1,2,2,3.57%,200.00%,100.00%,7.14%
1078,14,0,2,1,0.00%,NULL,50.00%,7.14%
10873,266,0,19,19,0.00%,NULL,100.00%,7.14%
7994,126,3,8,9,2.38%,266.67%,112.50%,7.14%
9560,28,1,0,2,3.57%,0.00%,NULL,7.14%
2412,14,0,1,1,0.00%,NULL,100.00%,7.14%
5138,14,0,1,1,0.00%,NULL,100.00%,7.14%
12269,28,2,2,2,7.14%,100.00%,100.00%,7.14%
6123,28,0,0,2,0.00%,NULL,NULL,7.14%
1480,70,0,0,5,0.00%,NULL,NULL,7.14%
6503,56,0,1,4,0.00%,NULL,400.00%,7.14%
3025,14,0,1,1,0.00%,NULL,100.00%,7.14%
4696,42,0,3,3,0.00%,NULL,100.00%,7.14%
306,14,0,1,1,0.00%,NULL,100.00%,7.14%
13005,42,1,3,3,2.38%,300.00%,100.00%,7.14%
2755,28,0,1,2,0.00%,NULL,200.00%,7.14%
4098,14,0,0,1,0.00%,NULL,NULL,7.14%
8524,28,0,0,2,0.00%,NULL,NULL,7.14%
1531,14,2,2,1,14.29%,100.00%,50.00%,7.14%
4223,14,0,0,1,0.00%,NULL,NULL,7.14%
12933,14,0,0,1,0.00%,NULL,NULL,7.14%
11998,466,7,29,33,1.50%,414.29%,113.79%,7.08%
7419,212,0,33,15,0.00%,NULL,45.45%,7.08%
5717,99,0,19,7,0.00%,NULL,36.84%,7.07%
11029,71,0,13,5,0.00%,NULL,38.46%,7.04%
8443,71,0,3,5,0.00%,NULL,166.67%,7.04%
11585,114,2,2,8,1.75%,100.00%,400.00%,7.02%
5453,200,1,23,14,0.50%,2300.00%,60.87%,7.00%
3155,229,7,12,16,3.06%,171.43%,133.33%,6.99%
10421,43,0,6,3,0.00%,NULL,50.00%,6.98%
7674,129,0,16,9,0.00%,NULL,56.25%,6.98%
7691,932,31,69,65,3.33%,222.58%,94.20%,6.97%
3645,201,2,8,14,1.00%,400.00%,175.00%,6.97%
13056,259,3,31,18,1.16%,1033.33%,58.06%,6.95%
5919,1011,2,0,70,0.20%,0.00%,NULL,6.92%
13892,724,19,85,50,2.62%,447.37%,58.82%,6.91%
4226,87,1,7,6,1.15%,700.00%,85.71%,6.90%
13077,58,0,6,4,0.00%,NULL,66.67%,6.90%
1419,29,0,0,2,0.00%,NULL,NULL,6.90%
4985,29,0,1,2,0.00%,NULL,200.00%,6.90%
1689,29,0,3,2,0.00%,NULL,66.67%,6.90%
4394,87,1,1,6,1.15%,100.00%,600.00%,6.90%
1371,29,0,0,2,0.00%,NULL,NULL,6.90%
5392,58,1,4,4,1.72%,400.00%,100.00%,6.90%
5710,29,0,1,2,0.00%,NULL,200.00%,6.90%
2410,174,2,23,12,1.15%,1150.00%,52.17%,6.90%
781,29,0,2,2,0.00%,NULL,100.00%,6.90%
5334,830,8,0,57,0.96%,0.00%,NULL,6.87%
13570,364,10,72,25,2.75%,720.00%,34.72%,6.87%
5684,88,2,4,6,2.27%,200.00%,150.00%,6.82%
4267,44,0,5,3,0.00%,NULL,60.00%,6.82%
8002,59,3,4,4,5.08%,133.33%,100.00%,6.78%
8110,59,0,14,4,0.00%,NULL,28.57%,6.78%
8690,59,1,2,4,1.69%,200.00%,200.00%,6.78%
10138,222,11,38,15,4.95%,345.45%,39.47%,6.76%
158,89,1,9,6,1.12%,900.00%,66.67%,6.74%
3631,387,2,56,26,0.52%,2800.00%,46.43%,6.72%
11750,1991,36,162,133,1.81%,450.00%,82.10%,6.68%
7493,15,1,2,1,6.67%,200.00%,50.00%,6.67%
3584,195,4,23,13,2.05%,575.00%,56.52%,6.67%
2088,15,0,1,1,0.00%,NULL,100.00%,6.67%
10321,15,0,2,1,0.00%,NULL,50.00%,6.67%
13950,15,0,0,1,0.00%,NULL,NULL,6.67%
11099,15,0,0,1,0.00%,NULL,NULL,6.67%
513,30,4,1,2,13.33%,25.00%,200.00%,6.67%
9467,15,0,4,1,0.00%,NULL,25.00%,6.67%
5936,30,0,0,2,0.00%,NULL,NULL,6.67%
6029,15,0,0,1,0.00%,NULL,NULL,6.67%
10058,45,0,6,3,0.00%,NULL,50.00%,6.67%
5486,15,0,3,1,0.00%,NULL,33.33%,6.67%
8091,30,0,0,2,0.00%,NULL,NULL,6.67%
2428,15,0,2,1,0.00%,NULL,50.00%,6.67%
6280,15,0,0,1,0.00%,NULL,NULL,6.67%
13649,30,0,2,2,0.00%,NULL,100.00%,6.67%
3242,60,4,11,4,6.67%,275.00%,36.36%,6.67%
11678,90,0,24,6,0.00%,NULL,25.00%,6.67%
6539,15,0,1,1,0.00%,NULL,100.00%,6.67%
13889,30,0,5,2,0.00%,NULL,40.00%,6.67%
13135,166,1,14,11,0.60%,1400.00%,78.57%,6.63%
13696,453,10,59,30,2.21%,590.00%,50.85%,6.62%
6499,76,3,11,5,3.95%,366.67%,45.45%,6.58%
1824,153,0,3,10,0.00%,NULL,333.33%,6.54%
3129,46,1,9,3,2.17%,900.00%,33.33%,6.52%
13585,46,0,0,3,0.00%,NULL,NULL,6.52%
8400,46,2,4,3,4.35%,200.00%,75.00%,6.52%
4200,31,1,0,2,3.23%,0.00%,NULL,6.45%
5428,31,2,2,2,6.45%,100.00%,100.00%,6.45%
12662,793,30,124,51,3.78%,413.33%,41.13%,6.43%
4411,140,2,9,9,1.43%,450.00%,100.00%,6.43%
6836,344,4,18,22,1.16%,450.00%,122.22%,6.40%
5109,47,1,2,3,2.13%,200.00%,150.00%,6.38%
4466,345,14,45,22,4.06%,321.43%,48.89%,6.38%
5031,47,0,12,3,0.00%,NULL,25.00%,6.38%
1993,47,0,3,3,0.00%,NULL,100.00%,6.38%
11529,362,4,72,23,1.10%,1800.00%,31.94%,6.35%
2848,142,3,15,9,2.11%,500.00%,60.00%,6.34%
13483,111,1,12,7,0.90%,1200.00%,58.33%,6.31%
10908,1333,29,100,84,2.18%,344.83%,84.00%,6.30%
10456,699,6,8,44,0.86%,133.33%,550.00%,6.29%
5437,159,5,21,10,3.14%,420.00%,47.62%,6.29%
12735,239,3,26,15,1.26%,866.67%,57.69%,6.28%
1413,32,3,0,2,9.38%,0.00%,NULL,6.25%
14068,32,0,1,2,0.00%,NULL,200.00%,6.25%
331,16,0,1,1,0.00%,NULL,100.00%,6.25%
4745,16,0,0,1,0.00%,NULL,NULL,6.25%
1343,16,0,2,1,0.00%,NULL,50.00%,6.25%
2030,48,1,4,3,2.08%,400.00%,75.00%,6.25%
912,48,1,1,3,2.08%,100.00%,300.00%,6.25%
4603,64,2,2,4,3.13%,100.00%,200.00%,6.25%
11596,16,0,2,1,0.00%,NULL,50.00%,6.25%
4633,16,0,0,1,0.00%,NULL,NULL,6.25%
2383,16,2,1,1,12.50%,50.00%,100.00%,6.25%
734,16,1,0,1,6.25%,0.00%,NULL,6.25%
12694,16,0,0,1,0.00%,NULL,NULL,6.25%
68,16,0,2,1,0.00%,NULL,50.00%,6.25%
8360,16,0,0,1,0.00%,NULL,NULL,6.25%
9393,16,0,1,1,0.00%,NULL,100.00%,6.25%
8171,370,4,45,23,1.08%,1125.00%,51.11%,6.22%
2156,161,1,4,10,0.62%,400.00%,250.00%,6.21%
9457,580,0,0,36,0.00%,NULL,NULL,6.21%
7942,242,11,32,15,4.55%,290.91%,46.88%,6.20%
8697,97,2,12,6,2.06%,600.00%,50.00%,6.19%
7148,113,4,9,7,3.54%,225.00%,77.78%,6.19%
13498,81,1,2,5,1.23%,200.00%,250.00%,6.17%
11703,146,2,19,9,1.37%,950.00%,47.37%,6.16%
13441,195,4,13,12,2.05%,325.00%,92.31%,6.15%
10028,65,0,5,4,0.00%,NULL,80.00%,6.15%
6863,456,3,63,28,0.66%,2100.00%,44.44%,6.14%
4963,700,5,30,43,0.71%,600.00%,143.33%,6.14%
12740,1291,19,100,79,1.47%,526.32%,79.00%,6.12%
8314,49,1,7,3,2.04%,700.00%,42.86%,6.12%
4373,147,3,16,9,2.04%,533.33%,56.25%,6.12%
9093,196,4,32,12,2.04%,800.00%,37.50%,6.12%
10206,164,2,27,10,1.22%,1350.00%,37.04%,6.10%
11282,445,7,30,27,1.57%,428.57%,90.00%,6.07%
12657,198,2,27,12,1.01%,1350.00%,44.44%,6.06%
13,99,6,2,6,6.06%,33.33%,300.00%,6.06%
6135,33,2,1,2,6.06%,50.00%,200.00%,6.06%
7722,33,0,3,2,0.00%,NULL,66.67%,6.06%
9108,33,0,3,2,0.00%,NULL,66.67%,6.06%
2946,99,15,5,6,15.15%,33.33%,120.00%,6.06%
2975,33,0,2,2,0.00%,NULL,100.00%,6.06%
13457,100,1,5,6,1.00%,500.00%,120.00%,6.00%
892,250,6,31,15,2.40%,516.67%,48.39%,6.00%
6064,618,8,83,37,1.29%,1037.50%,44.58%,5.99%
10761,469,4,51,28,0.85%,1275.00%,54.90%,5.97%
5897,336,2,19,20,0.60%,950.00%,105.26%,5.95%
994,84,3,1,5,3.57%,33.33%,500.00%,5.95%
8719,17,0,2,1,0.00%,NULL,50.00%,5.88%
7962,17,0,2,1,0.00%,NULL,50.00%,5.88%
13155,34,0,1,2,0.00%,NULL,200.00%,5.88%
12853,34,0,0,2,0.00%,NULL,NULL,5.88%
7892,34,0,1,2,0.00%,NULL,200.00%,5.88%
6329,17,0,1,1,0.00%,NULL,100.00%,5.88%
1822,238,0,38,14,0.00%,NULL,36.84%,5.88%
5640,119,1,8,7,0.84%,800.00%,87.50%,5.88%
10845,17,3,1,1,17.65%,33.33%,100.00%,5.88%
5479,17,0,2,1,0.00%,NULL,50.00%,5.88%
1696,17,0,0,1,0.00%,NULL,NULL,5.88%
13182,17,1,0,1,5.88%,0.00%,NULL,5.88%
7488,51,2,3,3,3.92%,150.00%,100.00%,5.88%
4401,17,0,0,1,0.00%,NULL,NULL,5.88%
10252,17,0,2,1,0.00%,NULL,50.00%,5.88%
14055,51,1,8,3,1.96%,800.00%,37.50%,5.88%
11597,153,4,15,9,2.61%,375.00%,60.00%,5.88%
7576,239,2,31,14,0.84%,1550.00%,45.16%,5.86%
7117,1570,27,89,92,1.72%,329.63%,103.37%,5.86%
12397,700,10,108,41,1.43%,1080.00%,37.96%,5.86%
1530,189,3,4,11,1.59%,133.33%,275.00%,5.82%
6977,22806,273,2007,1324,1.20%,735.16%,65.97%,5.81%
3555,172,7,14,10,4.07%,200.00%,71.43%,5.81%
1663,69,4,5,4,5.80%,125.00%,80.00%,5.80%
13913,121,2,7,7,1.65%,350.00%,100.00%,5.79%
10175,104,2,4,6,1.92%,200.00%,150.00%,5.77%
4119,104,1,5,6,0.96%,500.00%,120.00%,5.77%
3803,52,1,7,3,1.92%,700.00%,42.86%,5.77%
12346,104,4,1,6,3.85%,25.00%,600.00%,5.77%
12324,87,1,7,5,1.15%,700.00%,71.43%,5.75%
3033,209,5,21,12,2.39%,420.00%,57.14%,5.74%
11859,35,0,1,2,0.00%,NULL,200.00%,5.71%
11150,175,1,21,10,0.57%,2100.00%,47.62%,5.71%
8418,35,0,0,2,0.00%,NULL,NULL,5.71%
8938,70,0,9,4,0.00%,NULL,44.44%,5.71%
10101,140,0,10,8,0.00%,NULL,80.00%,5.71%
9137,70,6,6,4,8.57%,100.00%,66.67%,5.71%
5957,35,0,3,2,0.00%,NULL,66.67%,5.71%
2191,35,0,1,2,0.00%,NULL,200.00%,5.71%
5795,88,0,2,5,0.00%,NULL,250.00%,5.68%
13200,176,1,23,10,0.57%,2300.00%,43.48%,5.68%
3625,2913,49,232,165,1.68%,473.47%,71.12%,5.66%
12689,53,4,3,3,7.55%,75.00%,100.00%,5.66%
6442,266,5,18,15,1.88%,360.00%,83.33%,5.64%
11091,674,2,24,38,0.30%,1200.00%,158.33%,5.64%
13065,391,8,64,22,2.05%,800.00%,34.38%,5.63%
2362,373,1,48,21,0.27%,4800.00%,43.75%,5.63%
4354,107,0,16,6,0.00%,NULL,37.50%,5.61%
3876,374,11,55,21,2.94%,500.00%,38.18%,5.61%
9432,161,11,11,9,6.83%,100.00%,81.82%,5.59%
9885,161,4,1,9,2.48%,25.00%,900.00%,5.59%
13932,1520,27,195,85,1.78%,722.22%,43.59%,5.59%
1742,269,1,4,15,0.37%,400.00%,375.00%,5.58%
1805,341,2,23,19,0.59%,1150.00%,82.61%,5.57%
10522,108,3,11,6,2.78%,366.67%,54.55%,5.56%
12492,36,0,1,2,0.00%,NULL,200.00%,5.56%
5893,36,0,2,2,0.00%,NULL,100.00%,5.56%
12896,18,1,0,1,5.56%,0.00%,NULL,5.56%
6665,18,0,2,1,0.00%,NULL,50.00%,5.56%
1243,36,0,2,2,0.00%,NULL,100.00%,5.56%
59,18,0,1,1,0.00%,NULL,100.00%,5.56%
11389,36,0,0,2,0.00%,NULL,NULL,5.56%
1357,72,1,7,4,1.39%,700.00%,57.14%,5.56%
10899,36,0,5,2,0.00%,NULL,40.00%,5.56%
2821,18,0,1,1,0.00%,NULL,100.00%,5.56%
1579,36,1,0,2,2.78%,0.00%,NULL,5.56%
4085,18,0,0,1,0.00%,NULL,NULL,5.56%
2892,36,0,1,2,0.00%,NULL,200.00%,5.56%
7118,18,0,0,1,0.00%,NULL,NULL,5.56%
10859,18,0,2,1,0.00%,NULL,50.00%,5.56%
6345,18,0,2,1,0.00%,NULL,50.00%,5.56%
6416,18,0,2,1,0.00%,NULL,50.00%,5.56%
7634,18,1,0,1,5.56%,0.00%,NULL,5.56%
9910,18,0,0,1,0.00%,NULL,NULL,5.56%
4107,18,0,2,1,0.00%,NULL,50.00%,5.56%
12015,1012,26,135,56,2.57%,519.23%,41.48%,5.53%
2702,181,2,19,10,1.10%,950.00%,52.63%,5.52%
3924,1256,14,135,69,1.11%,964.29%,51.11%,5.49%
7356,91,3,12,5,3.30%,400.00%,41.67%,5.49%
4439,493,14,71,27,2.84%,507.14%,38.03%,5.48%
527,73,1,6,4,1.37%,600.00%,66.67%,5.48%
4583,1284,18,201,70,1.40%,1116.67%,34.83%,5.45%
3339,534,11,34,29,2.06%,309.09%,85.29%,5.43%
14050,258,2,25,14,0.78%,1250.00%,56.00%,5.43%
13148,203,5,18,11,2.46%,360.00%,61.11%,5.42%
5648,277,11,18,15,3.97%,163.64%,83.33%,5.42%
2093,37,1,4,2,2.70%,400.00%,50.00%,5.41%
1498,37,0,0,2,0.00%,NULL,NULL,5.41%
9373,185,2,13,10,1.08%,650.00%,76.92%,5.41%
2091,74,0,7,4,0.00%,NULL,57.14%,5.41%
5626,37,2,1,2,5.41%,50.00%,200.00%,5.41%
1005,1055,8,0,57,0.76%,0.00%,NULL,5.40%
5132,167,10,7,9,5.99%,70.00%,128.57%,5.39%
1442,260,9,16,14,3.46%,177.78%,87.50%,5.38%
2493,130,3,10,7,2.31%,333.33%,70.00%,5.38%
7928,1881,62,192,101,3.30%,309.68%,52.60%,5.37%
1869,56,1,11,3,1.79%,1100.00%,27.27%,5.36%
13505,131,1,2,7,0.76%,200.00%,350.00%,5.34%
5649,1950,57,290,104,2.92%,508.77%,35.86%,5.33%
110,1260,25,70,67,1.98%,280.00%,95.71%,5.32%
1087,151,6,3,8,3.97%,50.00%,266.67%,5.30%
2122,208,7,18,11,3.37%,257.14%,61.11%,5.29%
205,683,2,50,36,0.29%,2500.00%,72.00%,5.27%
8344,304,4,37,16,1.32%,925.00%,43.24%,5.26%
343,76,1,0,4,1.32%,0.00%,NULL,5.26%
3816,38,3,1,2,7.89%,33.33%,200.00%,5.26%
10254,133,1,22,7,0.75%,2200.00%,31.82%,5.26%
1680,19,1,1,1,5.26%,100.00%,100.00%,5.26%
4430,19,1,2,1,5.26%,200.00%,50.00%,5.26%
6306,19,0,2,1,0.00%,NULL,50.00%,5.26%
13684,19,1,2,1,5.26%,200.00%,50.00%,5.26%
5432,38,0,6,2,0.00%,NULL,33.33%,5.26%
192,228,3,29,12,1.32%,966.67%,41.38%,5.26%
5755,95,0,3,5,0.00%,NULL,166.67%,5.26%
4376,19,1,0,1,5.26%,0.00%,NULL,5.26%
10680,57,0,0,3,0.00%,NULL,NULL,5.26%
9655,76,1,3,4,1.32%,300.00%,133.33%,5.26%
7238,19,1,2,1,5.26%,200.00%,50.00%,5.26%
602,19,2,0,1,10.53%,0.00%,NULL,5.26%
1769,95,1,6,5,1.05%,600.00%,83.33%,5.26%
11252,19,0,1,1,0.00%,NULL,100.00%,5.26%
8477,19,0,1,1,0.00%,NULL,100.00%,5.26%
2235,19,1,2,1,5.26%,200.00%,50.00%,5.26%
5202,19,0,1,1,0.00%,NULL,100.00%,5.26%
1096,1242,17,37,65,1.37%,217.65%,175.68%,5.23%
4115,172,7,15,9,4.07%,214.29%,60.00%,5.23%
13308,880,28,100,46,3.18%,357.14%,46.00%,5.23%
11443,153,3,4,8,1.96%,133.33%,200.00%,5.23%
10929,634,13,57,33,2.05%,438.46%,57.89%,5.21%
4602,500,6,39,26,1.20%,650.00%,66.67%,5.20%
4472,77,2,6,4,2.60%,300.00%,66.67%,5.19%
9111,154,4,11,8,2.60%,275.00%,72.73%,5.19%
8409,1700,23,196,88,1.35%,852.17%,44.90%,5.18%
6717,7449,109,1050,384,1.46%,963.30%,36.57%,5.16%
4385,213,2,15,11,0.94%,750.00%,73.33%,5.16%
9117,233,2,10,12,0.86%,500.00%,120.00%,5.15%
12124,311,7,27,16,2.25%,385.71%,59.26%,5.14%
9800,39,0,0,2,0.00%,NULL,NULL,5.13%
1404,117,4,2,6,3.42%,50.00%,300.00%,5.13%
3460,39,0,3,2,0.00%,NULL,66.67%,5.13%
12075,39,1,4,2,2.56%,400.00%,50.00%,5.13%
8834,39,4,1,2,10.26%,25.00%,200.00%,5.13%
12545,117,0,7,6,0.00%,NULL,85.71%,5.13%
7883,156,3,14,8,1.92%,466.67%,57.14%,5.13%
10040,254,4,42,13,1.57%,1050.00%,30.95%,5.12%
5827,313,4,22,16,1.28%,550.00%,72.73%,5.11%
12117,352,3,0,18,0.85%,0.00%,NULL,5.11%
4365,1847,34,170,94,1.84%,500.00%,55.29%,5.09%
9803,59,1,4,3,1.69%,400.00%,75.00%,5.08%
9580,1023,23,104,52,2.25%,452.17%,50.00%,5.08%
9651,59,0,2,3,0.00%,NULL,150.00%,5.08%
3564,59,2,1,3,3.39%,50.00%,300.00%,5.08%
7522,138,4,17,7,2.90%,425.00%,41.18%,5.07%
12762,631,22,34,32,3.49%,154.55%,94.12%,5.07%
7770,79,0,5,4,0.00%,NULL,80.00%,5.06%
9462,79,3,2,4,3.80%,66.67%,200.00%,5.06%
689,257,4,37,13,1.56%,925.00%,35.14%,5.06%
2819,79,0,12,4,0.00%,NULL,33.33%,5.06%
3546,99,2,10,5,2.02%,500.00%,50.00%,5.05%
7021,1980,51,211,100,2.58%,413.73%,47.39%,5.05%
8611,198,2,13,10,1.01%,650.00%,76.92%,5.05%
9490,139,1,21,7,0.72%,2100.00%,33.33%,5.04%
2117,139,0,3,7,0.00%,NULL,233.33%,5.04%
7804,179,2,26,9,1.12%,1300.00%,34.62%,5.03%
5751,6087,185,505,306,3.04%,272.97%,60.59%,5.03%
566,815,24,88,41,2.94%,366.67%,46.59%,5.03%
9419,818,19,63,41,2.32%,331.58%,65.08%,5.01%
3101,20,0,3,1,0.00%,NULL,33.33%,5.00%
2704,40,2,3,2,5.00%,150.00%,66.67%,5.00%
8952,40,0,3,2,0.00%,NULL,66.67%,5.00%
5287,20,0,0,1,0.00%,NULL,NULL,5.00%
3320,20,3,2,1,15.00%,66.67%,50.00%,5.00%
12687,80,1,3,4,1.25%,300.00%,133.33%,5.00%
4591,40,0,2,2,0.00%,NULL,100.00%,5.00%
3490,20,1,2,1,5.00%,200.00%,50.00%,5.00%
1389,20,1,1,1,5.00%,100.00%,100.00%,5.00%
8899,20,0,0,1,0.00%,NULL,NULL,5.00%
8972,20,2,0,1,10.00%,0.00%,NULL,5.00%
111,20,0,1,1,0.00%,NULL,100.00%,5.00%
12496,20,0,2,1,0.00%,NULL,50.00%,5.00%
11849,20,0,0,1,0.00%,NULL,NULL,5.00%
1921,20,1,0,1,5.00%,0.00%,NULL,5.00%
6037,60,0,5,3,0.00%,NULL,60.00%,5.00%
5909,40,1,2,2,2.50%,200.00%,100.00%,5.00%
3447,20,0,1,1,0.00%,NULL,100.00%,5.00%
1287,260,3,27,13,1.15%,900.00%,48.15%,5.00%
9566,20,1,2,1,5.00%,200.00%,50.00%,5.00%
6375,201,4,20,10,1.99%,500.00%,50.00%,4.98%
9139,242,5,25,12,2.07%,500.00%,48.00%,4.96%
5319,1571,30,188,78,1.91%,626.67%,41.49%,4.96%
10618,121,3,3,6,2.48%,100.00%,200.00%,4.96%
13034,101,2,2,5,1.98%,100.00%,250.00%,4.95%
9228,202,2,17,10,0.99%,850.00%,58.82%,4.95%
9804,61,0,4,3,0.00%,NULL,75.00%,4.92%
13548,775,22,97,38,2.84%,440.91%,39.18%,4.90%
4050,143,2,3,7,1.40%,150.00%,233.33%,4.90%
10679,143,5,15,7,3.50%,300.00%,46.67%,4.90%
7996,184,4,0,9,2.17%,0.00%,NULL,4.89%
1081,655,13,62,32,1.98%,476.92%,51.61%,4.89%
12351,205,2,14,10,0.98%,700.00%,71.43%,4.88%
7051,41,0,1,2,0.00%,NULL,200.00%,4.88%
4535,82,0,2,4,0.00%,NULL,200.00%,4.88%
5844,205,8,8,10,3.90%,100.00%,125.00%,4.88%
8882,41,1,11,2,2.44%,1100.00%,18.18%,4.88%
3958,41,0,1,2,0.00%,NULL,200.00%,4.88%
2812,678,10,55,33,1.47%,550.00%,60.00%,4.87%
10979,556,6,48,27,1.08%,800.00%,56.25%,4.86%
10944,782,13,29,38,1.66%,223.08%,131.03%,4.86%
5947,103,0,14,5,0.00%,NULL,35.71%,4.85%
6812,62,0,2,3,0.00%,NULL,150.00%,4.84%
11430,124,5,15,6,4.03%,300.00%,40.00%,4.84%
3323,62,1,6,3,1.61%,600.00%,50.00%,4.84%
2054,975,27,53,47,2.77%,196.30%,88.68%,4.82%
12905,125,0,2,6,0.00%,NULL,300.00%,4.80%
3359,480,3,15,23,0.63%,500.00%,153.33%,4.79%
6974,459,8,50,22,1.74%,625.00%,44.00%,4.79%
583,735,5,26,35,0.68%,520.00%,134.62%,4.76%
13903,630,8,26,30,1.27%,325.00%,115.38%,4.76%
4959,63,0,3,3,0.00%,NULL,100.00%,4.76%
139,42,1,3,2,2.38%,300.00%,66.67%,4.76%
32,21,0,0,1,0.00%,NULL,NULL,4.76%
13002,21,0,1,1,0.00%,NULL,100.00%,4.76%
6708,21,1,1,1,4.76%,100.00%,100.00%,4.76%
8934,21,0,0,1,0.00%,NULL,NULL,4.76%
2042,990,14,119,47,1.41%,850.00%,39.50%,4.75%
3103,380,9,39,18,2.37%,433.33%,46.15%,4.74%
504,232,5,8,11,2.16%,160.00%,137.50%,4.74%
2966,296,1,20,14,0.34%,2000.00%,70.00%,4.73%
7639,2838,58,154,134,2.04%,265.52%,87.01%,4.72%
1310,1653,16,109,78,0.97%,681.25%,71.56%,4.72%
12823,1060,14,87,50,1.32%,621.43%,57.47%,4.72%
1150,382,4,0,18,1.05%,0.00%,NULL,4.71%
10947,85,7,2,4,8.24%,28.57%,200.00%,4.71%
10771,85,0,5,4,0.00%,NULL,80.00%,4.71%
3137,171,2,19,8,1.17%,950.00%,42.11%,4.68%
11584,214,10,31,10,4.67%,310.00%,32.26%,4.67%
6638,150,1,12,7,0.67%,1200.00%,58.33%,4.67%
8426,515,19,45,24,3.69%,236.84%,53.33%,4.66%
8829,1398,10,119,65,0.72%,1190.00%,54.62%,4.65%
10150,43,0,0,2,0.00%,NULL,NULL,4.65%
5343,43,0,4,2,0.00%,NULL,50.00%,4.65%
13964,43,1,1,2,2.33%,100.00%,200.00%,4.65%
6999,43,3,3,2,6.98%,100.00%,66.67%,4.65%
4281,43,0,1,2,0.00%,NULL,200.00%,4.65%
4048,43,0,0,2,0.00%,NULL,NULL,4.65%
5856,65,1,1,3,1.54%,100.00%,300.00%,4.62%
11521,130,1,0,6,0.77%,0.00%,NULL,4.62%
5937,152,0,9,7,0.00%,NULL,77.78%,4.61%
13540,87,3,6,4,3.45%,200.00%,66.67%,4.60%
5628,87,0,1,4,0.00%,NULL,400.00%,4.60%
13365,764,25,66,35,3.27%,264.00%,53.03%,4.58%
1509,3581,45,255,164,1.26%,566.67%,64.31%,4.58%
7442,131,2,5,6,1.53%,250.00%,120.00%,4.58%
13001,153,3,1,7,1.96%,33.33%,700.00%,4.58%
8867,241,1,19,11,0.41%,1900.00%,57.89%,4.56%
8371,1424,26,131,65,1.83%,503.85%,49.62%,4.56%
7822,198,0,9,9,0.00%,NULL,100.00%,4.55%
8744,3558,64,214,162,1.80%,334.38%,75.70%,4.55%
7683,66,2,5,3,3.03%,250.00%,60.00%,4.55%
2047,44,0,0,2,0.00%,NULL,NULL,4.55%
463,22,2,1,1,9.09%,50.00%,100.00%,4.55%
8933,22,0,0,1,0.00%,NULL,NULL,4.55%
12929,44,0,5,2,0.00%,NULL,40.00%,4.55%
2893,22,0,2,1,0.00%,NULL,50.00%,4.55%
14054,22,2,1,1,9.09%,50.00%,100.00%,4.55%
10861,22,1,3,1,4.55%,300.00%,33.33%,4.55%
568,22,1,4,1,4.55%,400.00%,25.00%,4.55%
2914,132,2,12,6,1.52%,600.00%,50.00%,4.55%
10179,374,2,31,17,0.53%,1550.00%,54.84%,4.55%
4888,44,2,3,2,4.55%,150.00%,66.67%,4.55%
3749,22,0,0,1,0.00%,NULL,NULL,4.55%
4580,22,0,1,1,0.00%,NULL,100.00%,4.55%
8483,22,2,1,1,9.09%,50.00%,100.00%,4.55%
2866,1894,41,102,86,2.16%,248.78%,84.31%,4.54%
12123,574,16,48,26,2.79%,300.00%,54.17%,4.53%
11599,1148,32,91,52,2.79%,284.38%,57.14%,4.53%
5208,199,2,22,9,1.01%,1100.00%,40.91%,4.52%
11720,222,1,7,10,0.45%,700.00%,142.86%,4.50%
3393,222,5,11,10,2.25%,220.00%,90.91%,4.50%
7577,89,1,4,4,1.12%,400.00%,100.00%,4.49%
3085,646,5,51,29,0.77%,1020.00%,56.86%,4.49%
8537,2792,101,298,125,3.62%,295.05%,41.95%,4.48%
12251,1162,23,54,52,1.98%,234.78%,96.30%,4.48%
7404,1657,27,81,74,1.63%,300.00%,91.36%,4.47%
8531,359,7,46,16,1.95%,657.14%,34.78%,4.46%
6712,112,3,3,5,2.68%,100.00%,166.67%,4.46%
12502,45,0,6,2,0.00%,NULL,33.33%,4.44%
3981,45,0,3,2,0.00%,NULL,66.67%,4.44%
6373,90,2,9,4,2.22%,450.00%,44.44%,4.44%
13984,45,2,4,2,4.44%,200.00%,50.00%,4.44%
2937,90,3,3,4,3.33%,100.00%,133.33%,4.44%
1249,180,12,11,8,6.67%,91.67%,72.73%,4.44%
5444,1155,15,61,51,1.30%,406.67%,83.61%,4.42%
9510,385,1,32,17,0.26%,3200.00%,53.13%,4.42%
10832,770,18,68,34,2.34%,377.78%,50.00%,4.42%
6485,273,12,28,12,4.40%,233.33%,42.86%,4.40%
12701,91,1,6,4,1.10%,600.00%,66.67%,4.40%
8735,318,11,39,14,3.46%,354.55%,35.90%,4.40%
8242,114,0,6,5,0.00%,NULL,83.33%,4.39%
12961,319,4,21,14,1.25%,525.00%,66.67%,4.39%
3087,1027,36,93,45,3.51%,258.33%,48.39%,4.38%
7087,115,0,3,5,0.00%,NULL,166.67%,4.35%
2247,46,1,1,2,2.17%,100.00%,200.00%,4.35%
12684,46,3,1,2,6.52%,33.33%,200.00%,4.35%
9899,2665,48,313,116,1.80%,652.08%,37.06%,4.35%
8025,115,6,6,5,5.22%,100.00%,83.33%,4.35%
2134,23,2,0,1,8.70%,0.00%,NULL,4.35%
13784,46,0,0,2,0.00%,NULL,NULL,4.35%
10937,23,0,0,1,0.00%,NULL,NULL,4.35%
12523,23,0,1,1,0.00%,NULL,100.00%,4.35%
14015,69,2,8,3,2.90%,400.00%,37.50%,4.35%
2305,23,0,2,1,0.00%,NULL,50.00%,4.35%
194,23,0,0,1,0.00%,NULL,NULL,4.35%
11786,46,0,2,2,0.00%,NULL,100.00%,4.35%
2323,46,0,10,2,0.00%,NULL,20.00%,4.35%
6308,115,3,4,5,2.61%,133.33%,125.00%,4.35%
2906,23,0,0,1,0.00%,NULL,NULL,4.35%
3587,23,0,0,1,0.00%,NULL,NULL,4.35%
634,415,10,35,18,2.41%,350.00%,51.43%,4.34%
3537,877,10,56,38,1.14%,560.00%,67.86%,4.33%
8764,208,4,20,9,1.92%,500.00%,45.00%,4.33%
6200,185,8,16,8,4.32%,200.00%,50.00%,4.32%
7192,162,4,12,7,2.47%,300.00%,58.33%,4.32%
11250,116,2,16,5,1.72%,800.00%,31.25%,4.31%
9343,603,8,59,26,1.33%,737.50%,44.07%,4.31%
5618,627,16,49,27,2.55%,306.25%,55.10%,4.31%
2199,232,5,13,10,2.16%,260.00%,76.92%,4.31%
3102,697,18,77,30,2.58%,427.78%,38.96%,4.30%
522,233,9,18,10,3.86%,200.00%,55.56%,4.29%
11317,210,3,13,9,1.43%,433.33%,69.23%,4.29%
5661,2848,95,205,122,3.34%,215.79%,59.51%,4.28%
11281,959,13,40,41,1.36%,307.69%,102.50%,4.28%
7900,585,14,52,25,2.39%,371.43%,48.08%,4.27%
2322,117,3,4,5,2.56%,133.33%,125.00%,4.27%
623,117,4,12,5,3.42%,300.00%,41.67%,4.27%
6841,47,4,7,2,8.51%,175.00%,28.57%,4.26%
7127,47,2,4,2,4.26%,200.00%,50.00%,4.26%
3810,47,0,2,2,0.00%,NULL,100.00%,4.26%
7604,47,0,6,2,0.00%,NULL,33.33%,4.26%
72,47,0,3,2,0.00%,NULL,66.67%,4.26%
8586,6841,183,681,291,2.68%,372.13%,42.73%,4.25%
3324,1534,22,163,65,1.43%,740.91%,39.88%,4.24%
7146,2276,39,109,96,1.71%,279.49%,88.07%,4.22%
12129,166,3,11,7,1.81%,366.67%,63.64%,4.22%
6304,1355,21,54,57,1.55%,257.14%,105.56%,4.21%
4813,380,2,10,16,0.53%,500.00%,160.00%,4.21%
1800,547,16,37,23,2.93%,231.25%,62.16%,4.20%
8619,666,17,71,28,2.55%,417.65%,39.44%,4.20%
2097,119,5,8,5,4.20%,160.00%,62.50%,4.20%
12327,692,8,39,29,1.16%,487.50%,74.36%,4.19%
3171,646,7,15,27,1.08%,214.29%,180.00%,4.18%
10288,239,6,10,10,2.51%,166.67%,100.00%,4.18%
3562,312,2,23,13,0.64%,1150.00%,56.52%,4.17%
808,72,2,2,3,2.78%,100.00%,150.00%,4.17%
8010,2903,43,182,121,1.48%,423.26%,66.48%,4.17%
13470,48,3,4,2,6.25%,133.33%,50.00%,4.17%
12857,24,0,2,1,0.00%,NULL,50.00%,4.17%
8845,24,0,0,1,0.00%,NULL,NULL,4.17%
13910,72,3,8,3,4.17%,266.67%,37.50%,4.17%
4121,24,1,1,1,4.17%,100.00%,100.00%,4.17%
2843,24,2,0,1,8.33%,0.00%,NULL,4.17%
3776,24,0,0,1,0.00%,NULL,NULL,4.17%
4493,24,0,4,1,0.00%,NULL,25.00%,4.17%
3362,48,1,1,2,2.08%,100.00%,200.00%,4.17%
4786,48,0,5,2,0.00%,NULL,40.00%,4.17%
10840,24,1,2,1,4.17%,200.00%,50.00%,4.17%
13067,24,0,3,1,0.00%,NULL,33.33%,4.17%
13915,938,16,56,39,1.71%,350.00%,69.64%,4.16%
1969,1660,26,291,69,1.57%,1119.23%,23.71%,4.16%
11497,4746,96,278,197,2.02%,289.58%,70.86%,4.15%
6531,2411,52,92,100,2.16%,176.92%,108.70%,4.15%
2908,217,1,6,9,0.46%,600.00%,150.00%,4.15%
2089,145,3,13,6,2.07%,433.33%,46.15%,4.14%
632,266,1,58,11,0.38%,5800.00%,18.97%,4.14%
4762,266,6,29,11,2.26%,483.33%,37.93%,4.14%
633,145,1,6,6,0.69%,600.00%,100.00%,4.14%
13598,1232,26,66,51,2.11%,253.85%,77.27%,4.14%
3453,266,4,28,11,1.50%,700.00%,39.29%,4.14%
8749,1938,42,155,80,2.17%,369.05%,51.61%,4.13%
2762,170,1,11,7,0.59%,1100.00%,63.64%,4.12%
3579,97,0,5,4,0.00%,NULL,80.00%,4.12%
10482,73,0,14,3,0.00%,NULL,21.43%,4.11%
9499,146,3,5,6,2.05%,166.67%,120.00%,4.11%
454,73,4,4,3,5.48%,100.00%,75.00%,4.11%
13789,146,2,4,6,1.37%,200.00%,150.00%,4.11%
5220,414,25,35,17,6.04%,140.00%,48.57%,4.11%
5067,146,0,19,6,0.00%,NULL,31.58%,4.11%
9769,365,17,12,15,4.66%,70.59%,125.00%,4.11%
12784,219,3,11,9,1.37%,366.67%,81.82%,4.11%
4817,1414,14,115,58,0.99%,821.43%,50.43%,4.10%
1604,1024,25,138,42,2.44%,552.00%,30.43%,4.10%
3828,122,0,10,5,0.00%,NULL,50.00%,4.10%
7700,49,0,2,2,0.00%,NULL,100.00%,4.08%
8754,98,2,5,4,2.04%,250.00%,80.00%,4.08%
5591,417,8,30,17,1.92%,375.00%,56.67%,4.08%
12602,785,18,69,32,2.29%,383.33%,46.38%,4.08%
398,123,0,8,5,0.00%,NULL,62.50%,4.07%
1722,369,5,13,15,1.36%,260.00%,115.38%,4.07%
9435,492,6,14,20,1.22%,233.33%,142.86%,4.07%
4647,172,0,28,7,0.00%,NULL,25.00%,4.07%
910,270,4,8,11,1.48%,200.00%,137.50%,4.07%
5646,320,3,19,13,0.94%,633.33%,68.42%,4.06%
10926,567,8,44,23,1.41%,550.00%,52.27%,4.06%
2051,99,3,7,4,3.03%,233.33%,57.14%,4.04%
2040,1956,23,168,79,1.18%,730.43%,47.02%,4.04%
5118,272,4,20,11,1.47%,500.00%,55.00%,4.04%
10092,99,5,5,4,5.05%,100.00%,80.00%,4.04%
13212,124,3,6,5,2.42%,200.00%,83.33%,4.03%
10029,1863,33,165,75,1.77%,500.00%,45.45%,4.03%
1173,1413,14,104,57,0.99%,742.86%,54.81%,4.03%
3561,918,20,92,37,2.18%,460.00%,40.22%,4.03%
11225,472,5,41,19,1.06%,820.00%,46.34%,4.03%
2204,1388,23,136,56,1.66%,591.30%,41.18%,4.03%
9388,894,21,107,36,2.35%,509.52%,33.64%,4.03%
5053,224,1,4,9,0.45%,400.00%,225.00%,4.02%
12836,199,9,9,8,4.52%,100.00%,88.89%,4.02%
6549,724,15,58,29,2.07%,386.67%,50.00%,4.01%
6901,324,7,21,13,2.16%,300.00%,61.90%,4.01%
4181,973,5,87,39,0.51%,1740.00%,44.83%,4.01%
11498,349,7,20,14,2.01%,285.71%,70.00%,4.01%
9354,1623,19,81,65,1.17%,426.32%,80.25%,4.00%
11192,25,0,3,1,0.00%,NULL,33.33%,4.00%
13771,25,1,3,1,4.00%,300.00%,33.33%,4.00%
7187,25,0,1,1,0.00%,NULL,100.00%,4.00%
1790,25,0,6,1,0.00%,NULL,16.67%,4.00%
3963,25,1,0,1,4.00%,0.00%,NULL,4.00%
1305,175,4,14,7,2.29%,350.00%,50.00%,4.00%
9194,75,0,0,3,0.00%,NULL,NULL,4.00%
3188,25,0,3,1,0.00%,NULL,33.33%,4.00%
10434,25,0,0,1,0.00%,NULL,NULL,4.00%
12359,25,1,3,1,4.00%,300.00%,33.33%,4.00%
11484,25,0,2,1,0.00%,NULL,50.00%,4.00%
10237,75,0,3,3,0.00%,NULL,100.00%,4.00%
11802,977,8,84,39,0.82%,1050.00%,46.43%,3.99%
2537,327,7,7,13,2.14%,100.00%,185.71%,3.98%
10514,226,5,11,9,2.21%,220.00%,81.82%,3.98%
9165,226,5,25,9,2.21%,500.00%,36.00%,3.98%
13094,202,2,9,8,0.99%,450.00%,88.89%,3.96%
7590,4676,85,206,185,1.82%,242.35%,89.81%,3.96%
11645,202,1,16,8,0.50%,1600.00%,50.00%,3.96%
3282,253,10,25,10,3.95%,250.00%,40.00%,3.95%
7956,152,0,17,6,0.00%,NULL,35.29%,3.95%
10882,76,2,6,3,2.63%,300.00%,50.00%,3.95%
9550,254,4,40,10,1.57%,1000.00%,25.00%,3.94%
11512,432,4,26,17,0.93%,650.00%,65.38%,3.94%
13825,584,5,55,23,0.86%,1100.00%,41.82%,3.94%
1872,356,6,23,14,1.69%,383.33%,60.87%,3.93%
7223,664,19,20,26,2.86%,105.26%,130.00%,3.92%
1452,102,2,6,4,1.96%,300.00%,66.67%,3.92%
12665,51,0,2,2,0.00%,NULL,100.00%,3.92%
13257,51,0,8,2,0.00%,NULL,25.00%,3.92%
11969,51,2,3,2,3.92%,150.00%,66.67%,3.92%
1551,51,0,3,2,0.00%,NULL,66.67%,3.92%
3371,51,1,3,2,1.96%,300.00%,66.67%,3.92%
8994,255,20,23,10,7.84%,115.00%,43.48%,3.92%
11924,588,8,57,23,1.36%,712.50%,40.35%,3.91%
8985,128,3,5,5,2.34%,166.67%,100.00%,3.91%
13783,460,23,33,18,5.00%,143.48%,54.55%,3.91%
768,256,8,10,10,3.13%,125.00%,100.00%,3.91%
5719,641,34,26,25,5.30%,76.47%,96.15%,3.90%
6819,205,3,6,8,1.46%,200.00%,133.33%,3.90%
10613,257,1,17,10,0.39%,1700.00%,58.82%,3.89%
11761,258,2,13,10,0.78%,650.00%,76.92%,3.88%
8658,103,3,9,4,2.91%,300.00%,44.44%,3.88%
2907,491,20,34,19,4.07%,170.00%,55.88%,3.87%
10021,439,11,39,17,2.51%,354.55%,43.59%,3.87%
4991,1243,26,101,48,2.09%,388.46%,47.52%,3.86%
3944,5441,71,382,210,1.30%,538.03%,54.97%,3.86%
6711,806,11,59,31,1.36%,536.36%,52.54%,3.85%
9712,260,3,13,10,1.15%,433.33%,76.92%,3.85%
3222,1611,46,80,62,2.86%,173.91%,77.50%,3.85%
8249,52,0,2,2,0.00%,NULL,100.00%,3.85%
6993,156,4,16,6,2.56%,400.00%,37.50%,3.85%
13953,26,0,3,1,0.00%,NULL,33.33%,3.85%
9416,182,5,7,7,2.75%,140.00%,100.00%,3.85%
13508,416,4,38,16,0.96%,950.00%,42.11%,3.85%
13251,26,1,2,1,3.85%,200.00%,50.00%,3.85%
5764,26,0,1,1,0.00%,NULL,100.00%,3.85%
3570,26,1,1,1,3.85%,100.00%,100.00%,3.85%
1252,52,0,3,2,0.00%,NULL,66.67%,3.85%
10153,52,1,1,2,1.92%,100.00%,200.00%,3.85%
112,26,0,0,1,0.00%,NULL,NULL,3.85%
5210,26,1,2,1,3.85%,200.00%,50.00%,3.85%
1912,26,0,0,1,0.00%,NULL,NULL,3.85%
11446,52,1,3,2,1.92%,300.00%,66.67%,3.85%
2269,78,1,3,3,1.28%,300.00%,100.00%,3.85%
13629,26,1,0,1,3.85%,0.00%,NULL,3.85%
9174,26,0,1,1,0.00%,NULL,100.00%,3.85%
6627,312,2,12,12,0.64%,600.00%,100.00%,3.85%
8550,52,0,4,2,0.00%,NULL,50.00%,3.85%
4438,911,17,113,35,1.87%,664.71%,30.97%,3.84%
6015,860,13,69,33,1.51%,530.77%,47.83%,3.84%
9372,1176,30,55,45,2.55%,183.33%,81.82%,3.83%
11324,1256,42,103,48,3.34%,245.24%,46.60%,3.82%
831,445,10,48,17,2.25%,480.00%,35.42%,3.82%
6424,3377,45,243,129,1.33%,540.00%,53.09%,3.82%
2238,157,0,8,6,0.00%,NULL,75.00%,3.82%
7872,131,10,4,5,7.63%,40.00%,125.00%,3.82%
1350,79,2,3,3,2.53%,150.00%,100.00%,3.80%
8873,79,5,4,3,6.33%,80.00%,75.00%,3.80%
6858,342,2,17,13,0.58%,850.00%,76.47%,3.80%
1980,79,0,8,3,0.00%,NULL,37.50%,3.80%
3093,3500,58,274,133,1.66%,472.41%,48.54%,3.80%
2007,158,3,10,6,1.90%,333.33%,60.00%,3.80%
8716,395,10,20,15,2.53%,200.00%,75.00%,3.80%
13926,6068,155,467,230,2.55%,301.29%,49.25%,3.79%
5892,396,4,23,15,1.01%,575.00%,65.22%,3.79%
3063,450,9,32,17,2.00%,355.56%,53.13%,3.78%
1260,662,17,75,25,2.57%,441.18%,33.33%,3.78%
5324,873,17,76,33,1.95%,447.06%,43.42%,3.78%
1630,370,12,42,14,3.24%,350.00%,33.33%,3.78%
1820,159,3,18,6,1.89%,600.00%,33.33%,3.77%
501,265,1,29,10,0.38%,2900.00%,34.48%,3.77%
10336,610,10,0,23,1.64%,0.00%,NULL,3.77%
5845,106,0,5,4,0.00%,NULL,80.00%,3.77%
5906,212,4,10,8,1.89%,250.00%,80.00%,3.77%
4271,53,2,6,2,3.77%,300.00%,33.33%,3.77%
9745,265,5,15,10,1.89%,300.00%,66.67%,3.77%
9621,53,0,2,2,0.00%,NULL,100.00%,3.77%
13418,53,2,10,2,3.77%,500.00%,20.00%,3.77%
9282,53,0,4,2,0.00%,NULL,50.00%,3.77%
4007,718,28,52,27,3.90%,185.71%,51.92%,3.76%
11275,399,8,13,15,2.01%,162.50%,115.38%,3.76%
10772,319,7,19,12,2.19%,271.43%,63.16%,3.76%
6571,534,16,53,20,3.00%,331.25%,37.74%,3.75%
11304,1492,40,112,56,2.68%,280.00%,50.00%,3.75%
5369,776,13,38,29,1.68%,292.31%,76.32%,3.74%
4739,1258,22,97,47,1.75%,440.91%,48.45%,3.74%
3636,1392,19,66,52,1.36%,347.37%,78.79%,3.74%
13103,107,0,22,4,0.00%,NULL,18.18%,3.74%
12636,454,17,22,17,3.74%,129.41%,77.27%,3.74%
7296,963,17,60,36,1.77%,352.94%,60.00%,3.74%
11934,214,1,8,8,0.47%,800.00%,100.00%,3.74%
8380,107,3,0,4,2.80%,0.00%,NULL,3.74%
2903,456,1,0,17,0.22%,0.00%,NULL,3.73%
11081,134,9,10,5,6.72%,111.11%,50.00%,3.73%
1723,3759,77,234,140,2.05%,303.90%,59.83%,3.72%
9850,188,1,12,7,0.53%,1200.00%,58.33%,3.72%
3988,4752,87,275,177,1.83%,316.09%,64.36%,3.72%
3230,215,4,0,8,1.86%,0.00%,NULL,3.72%
12407,700,13,49,26,1.86%,376.92%,53.06%,3.71%
5550,5583,88,232,207,1.58%,263.64%,89.22%,3.71%
6149,27,2,3,1,7.41%,150.00%,33.33%,3.70%
