user_id,total_behavior_count,purchase_count,distinct_purchase_item_count,purchase_rate,purchase_days,avg_days_per_purchase_day,purchase_day_frequency,last_purchase_time,survey_end_time,hours_since_last_purchase,days_since_last_purchase
4913,1742,6,5,0.0034,5,6.20,0.1613,"2014-12-16 12:00:00","2014-12-18 23:00:00",59,2
6118,117,1,1,0.0085,1,31.00,0.0323,"2014-12-17 21:00:00","2014-12-18 23:00:00",26,1
7528,214,6,6,0.0280,6,5.17,0.1935,"2014-12-13 19:00:00","2014-12-18 23:00:00",124,5
7591,859,21,19,0.0244,9,3.44,0.2903,"2014-12-13 09:00:00","2014-12-18 23:00:00",134,5
12645,268,8,8,0.0299,4,7.75,0.1290,"2014-12-14 19:00:00","2014-12-18 23:00:00",100,4
45368,36,0,0,0.0000,0,NULL,0.0000,NULL,"2014-12-18 23:00:00",NULL,NULL
54056,38,2,2,0.0526,2,15.50,0.0645,"2014-12-07 20:00:00","2014-12-18 23:00:00",267,11
63348,251,1,1,0.0040,1,31.00,0.0323,"2014-12-11 19:00:00","2014-12-18 23:00:00",172,7
79824,663,13,13,0.0196,7,4.43,0.2258,"2014-12-16 13:00:00","2014-12-18 23:00:00",58,2
88930,1604,23,19,0.0143,10,3.10,0.3226,"2014-12-17 22:00:00","2014-12-18 23:00:00",25,1
90472,148,0,0,0.0000,0,NULL,0.0000,NULL,"2014-12-18 23:00:00",NULL,NULL
100539,1082,18,17,0.0166,12,2.58,0.3871,"2014-12-16 00:00:00","2014-12-18 23:00:00",71,2
104155,396,4,4,0.0101,3,10.33,0.0968,"2014-12-16 10:00:00","2014-12-18 23:00:00",61,2
109103,432,17,17,0.0394,11,2.82,0.3548,"2014-12-12 14:00:00","2014-12-18 23:00:00",153,6
113251,379,5,5,0.0132,4,7.75,0.1290,"2014-11-24 02:00:00","2014-12-18 23:00:00",597,24
113960,2009,36,27,0.0179,12,2.58,0.3871,"2014-12-16 13:00:00","2014-12-18 23:00:00",58,2
114088,25,0,0,0.0000,0,NULL,0.0000,NULL,"2014-12-18 23:00:00",NULL,NULL
120873,1596,3,3,0.0019,3,10.33,0.0968,"2014-12-18 17:00:00","2014-12-18 23:00:00",6,0
134658,258,2,2,0.0078,2,15.50,0.0645,"2014-12-12 11:00:00","2014-12-18 23:00:00",156,6
151617,1969,29,28,0.0147,14,2.21,0.4516,"2014-12-18 21:00:00","2014-12-18 23:00:00",2,0
156608,564,9,7,0.0160,4,7.75,0.1290,"2014-11-30 19:00:00","2014-12-18 23:00:00",436,18
157097,1502,15,13,0.0100,9,3.44,0.2903,"2014-12-13 10:00:00","2014-12-18 23:00:00",133,5
189833,3720,26,22,0.0070,8,3.88,0.2581,"2014-12-16 14:00:00","2014-12-18 23:00:00",57,2
190327,696,7,6,0.0101,5,6.20,0.1613,"2014-12-08 16:00:00","2014-12-18 23:00:00",247,10
191366,1190,2,2,0.0017,2,15.50,0.0645,"2014-12-13 20:00:00","2014-12-18 23:00:00",123,5
213655,2762,15,15,0.0054,10,3.10,0.3226,"2014-12-17 12:00:00","2014-12-18 23:00:00",35,1
217996,72,2,2,0.0278,1,31.00,0.0323,"2014-12-12 11:00:00","2014-12-18 23:00:00",156,6
227293,961,8,5,0.0083,3,10.33,0.0968,"2014-12-18 21:00:00","2014-12-18 23:00:00",2,0
230711,357,13,13,0.0364,7,4.43,0.2258,"2014-12-17 15:00:00","2014-12-18 23:00:00",32,1
239485,262,8,8,0.0305,5,6.20,0.1613,"2014-12-13 10:00:00","2014-12-18 23:00:00",133,5
247543,957,23,21,0.0240,9,3.44,0.2903,"2014-12-17 09:00:00","2014-12-18 23:00:00",38,1
250843,2199,28,26,0.0127,9,3.44,0.2903,"2014-12-13 21:00:00","2014-12-18 23:00:00",122,5
263670,604,1,1,0.0017,1,31.00,0.0323,"2014-12-08 13:00:00","2014-12-18 23:00:00",250,10
287170,61,0,0,0.0000,0,NULL,0.0000,NULL,"2014-12-18 23:00:00",NULL,NULL
305685,134,0,0,0.0000,0,NULL,0.0000,NULL,"2014-12-18 23:00:00",NULL,NULL
337191,302,4,4,0.0132,3,10.33,0.0968,"2014-12-12 22:00:00","2014-12-18 23:00:00",145,6
355287,987,4,4,0.0041,3,10.33,0.0968,"2014-12-12 00:00:00","2014-12-18 23:00:00",167,6
365699,605,3,3,0.0050,2,15.50,0.0645,"2014-12-13 22:00:00","2014-12-18 23:00:00",121,5
397142,1063,4,4,0.0038,3,10.33,0.0968,"2014-12-13 11:00:00","2014-12-18 23:00:00",132,5
413178,1024,5,5,0.0049,4,7.75,0.1290,"2014-11-24 10:00:00","2014-12-18 23:00:00",589,24
414388,452,15,15,0.0332,7,4.43,0.2258,"2014-12-18 10:00:00","2014-12-18 23:00:00",13,0
418175,1185,17,17,0.0143,8,3.88,0.2581,"2014-12-15 15:00:00","2014-12-18 23:00:00",80,3
429994,662,9,9,0.0136,7,4.43,0.2258,"2014-12-17 13:00:00","2014-12-18 23:00:00",34,1
432337,897,6,5,0.0067,5,6.20,0.1613,"2014-12-16 18:00:00","2014-12-18 23:00:00",53,2
450683,290,3,3,0.0103,2,15.50,0.0645,"2014-12-12 13:00:00","2014-12-18 23:00:00",154,6
475826,7004,110,77,0.0157,18,1.72,0.5806,"2014-12-17 21:00:00","2014-12-18 23:00:00",26,1
483640,509,14,13,0.0275,5,6.20,0.1613,"2014-12-14 13:00:00","2014-12-18 23:00:00",106,4
493013,206,11,10,0.0534,2,15.50,0.0645,"2014-11-29 01:00:00","2014-12-18 23:00:00",478,19
497764,4014,12,9,0.0030,4,7.75,0.1290,"2014-12-18 20:00:00","2014-12-18 23:00:00",3,0
501286,1046,15,12,0.0143,7,4.43,0.2258,"2014-12-18 21:00:00","2014-12-18 23:00:00",2,0
511319,443,6,6,0.0135,3,10.33,0.0968,"2014-12-18 16:00:00","2014-12-18 23:00:00",7,0
521437,517,24,16,0.0464,4,7.75,0.1290,"2014-12-12 22:00:00","2014-12-18 23:00:00",145,6
565533,1071,15,14,0.0140,9,3.44,0.2903,"2014-12-08 23:00:00","2014-12-18 23:00:00",240,10
567790,51,2,2,0.0392,1,31.00,0.0323,"2014-12-04 20:00:00","2014-12-18 23:00:00",339,14
568881,418,1,1,0.0024,1,31.00,0.0323,"2014-12-14 09:00:00","2014-12-18 23:00:00",110,4
595598,1712,0,0,0.0000,0,NULL,0.0000,NULL,"2014-12-18 23:00:00",NULL,NULL
608951,1927,5,5,0.0026,4,7.75,0.1290,"2014-12-15 13:00:00","2014-12-18 23:00:00",82,3
611920,1642,12,12,0.0073,7,4.43,0.2258,"2014-12-16 09:00:00","2014-12-18 23:00:00",62,2
632347,2474,55,43,0.0222,12,2.58,0.3871,"2014-12-12 23:00:00","2014-12-18 23:00:00",144,6
678552,14,1,1,0.0714,1,31.00,0.0323,"2014-11-24 20:00:00","2014-12-18 23:00:00",579,24
704891,1186,26,21,0.0219,11,2.82,0.3548,"2014-12-18 22:00:00","2014-12-18 23:00:00",1,0
722361,8,0,0,0.0000,0,NULL,0.0000,NULL,"2014-12-18 23:00:00",NULL,NULL
742065,380,4,4,0.0105,4,7.75,0.1290,"2014-12-12 08:00:00","2014-12-18 23:00:00",159,6
754205,1060,38,21,0.0358,4,7.75,0.1290,"2014-12-16 12:00:00","2014-12-18 23:00:00",59,2
764564,578,0,0,0.0000,0,NULL,0.0000,NULL,"2014-12-18 23:00:00",NULL,NULL
783072,47,0,0,0.0000,0,NULL,0.0000,NULL,"2014-12-18 23:00:00",NULL,NULL
790713,1369,11,11,0.0080,9,3.44,0.2903,"2014-12-12 20:00:00","2014-12-18 23:00:00",147,6
801018,1186,10,9,0.0084,7,4.43,0.2258,"2014-12-16 19:00:00","2014-12-18 23:00:00",52,2
807106,1426,57,18,0.0400,15,2.07,0.4839,"2014-12-18 21:00:00","2014-12-18 23:00:00",2,0
814199,2621,22,20,0.0084,5,6.20,0.1613,"2014-12-13 20:00:00","2014-12-18 23:00:00",123,5
819192,140,1,1,0.0071,1,31.00,0.0323,"2014-11-29 14:00:00","2014-12-18 23:00:00",465,19
819791,27,3,3,0.1111,2,15.50,0.0645,"2014-12-15 16:00:00","2014-12-18 23:00:00",79,3
828731,2313,0,0,0.0000,0,NULL,0.0000,NULL,"2014-12-18 23:00:00",NULL,NULL
867381,5794,37,33,0.0064,15,2.07,0.4839,"2014-12-18 19:00:00","2014-12-18 23:00:00",4,0
876192,1595,22,22,0.0138,9,3.44,0.2903,"2014-12-15 15:00:00","2014-12-18 23:00:00",80,3
908290,75,0,0,0.0000,0,NULL,0.0000,NULL,"2014-12-18 23:00:00",NULL,NULL
914729,341,7,7,0.0205,3,10.33,0.0968,"2014-12-17 08:00:00","2014-12-18 23:00:00",39,1
943095,224,1,1,0.0045,1,31.00,0.0323,"2014-11-22 09:00:00","2014-12-18 23:00:00",638,26
985207,802,4,4,0.0050,3,10.33,0.0968,"2014-12-03 21:00:00","2014-12-18 23:00:00",362,15
991563,2421,22,20,0.0091,11,2.82,0.3548,"2014-12-16 12:00:00","2014-12-18 23:00:00",59,2
1019952,1373,9,8,0.0066,8,3.88,0.2581,"2014-12-17 10:00:00","2014-12-18 23:00:00",37,1
1022699,1567,25,24,0.0160,9,3.44,0.2903,"2014-12-14 11:00:00","2014-12-18 23:00:00",108,4
1022919,665,5,3,0.0075,3,10.33,0.0968,"2014-12-14 12:00:00","2014-12-18 23:00:00",107,4
1030408,1836,10,7,0.0054,6,5.17,0.1935,"2014-12-13 20:00:00","2014-12-18 23:00:00",123,5
1034452,81,1,1,0.0123,1,31.00,0.0323,"2014-12-17 12:00:00","2014-12-18 23:00:00",35,1
1041761,2771,6,5,0.0022,4,7.75,0.1290,"2014-12-16 18:00:00","2014-12-18 23:00:00",53,2
1050684,557,9,6,0.0162,7,4.43,0.2258,"2014-12-16 09:00:00","2014-12-18 23:00:00",62,2
1053725,1801,7,7,0.0039,3,10.33,0.0968,"2014-12-12 17:00:00","2014-12-18 23:00:00",150,6
1067578,305,7,7,0.0230,6,5.17,0.1935,"2014-12-15 18:00:00","2014-12-18 23:00:00",77,3
1074982,201,0,0,0.0000,0,NULL,0.0000,NULL,"2014-12-18 23:00:00",NULL,NULL
1081595,300,1,1,0.0033,1,31.00,0.0323,"2014-11-24 15:00:00","2014-12-18 23:00:00",584,24
1091123,2431,23,22,0.0095,14,2.21,0.4516,"2014-12-18 11:00:00","2014-12-18 23:00:00",12,0
1105998,534,2,2,0.0037,2,15.50,0.0645,"2014-12-12 21:00:00","2014-12-18 23:00:00",146,6
1112140,487,3,3,0.0062,3,10.33,0.0968,"2014-12-14 11:00:00","2014-12-18 23:00:00",108,4
1128409,589,16,16,0.0272,6,5.17,0.1935,"2014-12-17 12:00:00","2014-12-18 23:00:00",35,1
1128799,10,0,0,0.0000,0,NULL,0.0000,NULL,"2014-12-18 23:00:00",NULL,NULL
1137672,1358,26,25,0.0191,6,5.17,0.1935,"2014-12-17 10:00:00","2014-12-18 23:00:00",37,1
1156843,2334,12,12,0.0051,4,7.75,0.1290,"2014-12-12 10:00:00","2014-12-18 23:00:00",157,6
1160607,4800,60,52,0.0125,14,2.21,0.4516,"2014-12-18 20:00:00","2014-12-18 23:00:00",3,0
1182380,575,10,9,0.0174,6,5.17,0.1935,"2014-12-14 19:00:00","2014-12-18 23:00:00",100,4
1183504,2937,36,35,0.0123,15,2.07,0.4839,"2014-12-18 13:00:00","2014-12-18 23:00:00",10,0
1188241,1039,22,21,0.0212,11,2.82,0.3548,"2014-12-18 14:00:00","2014-12-18 23:00:00",9,0
1206079,364,19,12,0.0522,4,7.75,0.1290,"2014-12-04 12:00:00","2014-12-18 23:00:00",347,14
1211225,393,8,6,0.0204,5,6.20,0.1613,"2014-12-16 11:00:00","2014-12-18 23:00:00",60,2
1257131,988,17,15,0.0172,7,4.43,0.2258,"2014-12-13 09:00:00","2014-12-18 23:00:00",134,5
1259845,1052,25,18,0.0238,10,3.10,0.3226,"2014-12-12 17:00:00","2014-12-18 23:00:00",150,6
1272577,523,6,6,0.0115,6,5.17,0.1935,"2014-12-17 19:00:00","2014-12-18 23:00:00",28,1
1275653,323,7,7,0.0217,5,6.20,0.1613,"2014-12-06 11:00:00","2014-12-18 23:00:00",300,12
1334962,332,15,8,0.0452,4,7.75,0.1290,"2014-12-15 19:00:00","2014-12-18 23:00:00",76,3
1335738,427,0,0,0.0000,0,NULL,0.0000,NULL,"2014-12-18 23:00:00",NULL,NULL
1344672,60,1,1,0.0167,1,31.00,0.0323,"2014-12-06 16:00:00","2014-12-18 23:00:00",295,12
1364464,256,5,5,0.0195,5,6.20,0.1613,"2014-12-14 10:00:00","2014-12-18 23:00:00",109,4
1365073,169,0,0,0.0000,0,NULL,0.0000,NULL,"2014-12-18 23:00:00",NULL,NULL
1399592,458,10,10,0.0218,1,31.00,0.0323,"2014-11-27 17:00:00","2014-12-18 23:00:00",510,21
1409005,1272,59,57,0.0464,12,2.58,0.3871,"2014-12-17 15:00:00","2014-12-18 23:00:00",32,1
1419642,3,0,0,0.0000,0,NULL,0.0000,NULL,"2014-12-18 23:00:00",NULL,NULL
1421162,164,4,4,0.0244,3,10.33,0.0968,"2014-12-14 11:00:00","2014-12-18 23:00:00",108,4
1439794,256,5,5,0.0195,1,31.00,0.0323,"2014-12-12 22:00:00","2014-12-18 23:00:00",145,6
1485361,923,16,13,0.0173,9,3.44,0.2903,"2014-12-18 13:00:00","2014-12-18 23:00:00",10,0
1486585,721,7,7,0.0097,5,6.20,0.1613,"2014-12-05 12:00:00","2014-12-18 23:00:00",323,13
1498131,98,2,2,0.0204,2,15.50,0.0645,"2014-12-12 00:00:00","2014-12-18 23:00:00",167,6
1525511,344,0,0,0.0000,0,NULL,0.0000,NULL,"2014-12-18 23:00:00",NULL,NULL
1532868,260,9,9,0.0346,4,7.75,0.1290,"2014-12-12 20:00:00","2014-12-18 23:00:00",147,6
1533523,54,0,0,0.0000,0,NULL,0.0000,NULL,"2014-12-18 23:00:00",NULL,NULL
1533885,392,9,7,0.0230,6,5.17,0.1935,"2014-12-17 10:00:00","2014-12-18 23:00:00",37,1
1534718,26,0,0,0.0000,0,NULL,0.0000,NULL,"2014-12-18 23:00:00",NULL,NULL
1535240,269,1,1,0.0037,1,31.00,0.0323,"2014-12-12 11:00:00","2014-12-18 23:00:00",156,6
1553407,200,1,1,0.0050,1,31.00,0.0323,"2014-12-14 10:00:00","2014-12-18 23:00:00",109,4
1588051,230,0,0,0.0000,0,NULL,0.0000,NULL,"2014-12-18 23:00:00",NULL,NULL
1588502,45,4,3,0.0889,2,15.50,0.0645,"2014-12-16 21:00:00","2014-12-18 23:00:00",50,2
1593616,459,5,5,0.0109,5,6.20,0.1613,"2014-12-13 16:00:00","2014-12-18 23:00:00",127,5
1604248,1054,0,0,0.0000,0,NULL,0.0000,NULL,"2014-12-18 23:00:00",NULL,NULL
1619789,481,4,4,0.0083,4,7.75,0.1290,"2014-12-16 22:00:00","2014-12-18 23:00:00",49,2
1652366,90,0,0,0.0000,0,NULL,0.0000,NULL,"2014-12-18 23:00:00",NULL,NULL
1666891,207,2,2,0.0097,1,31.00,0.0323,"2014-12-18 21:00:00","2014-12-18 23:00:00",2,0
1673252,838,10,10,0.0119,7,4.43,0.2258,"2014-12-17 16:00:00","2014-12-18 23:00:00",31,1
1704058,675,4,4,0.0059,4,7.75,0.1290,"2014-12-14 21:00:00","2014-12-18 23:00:00",98,4
1724469,288,1,1,0.0035,1,31.00,0.0323,"2014-12-12 11:00:00","2014-12-18 23:00:00",156,6
1725399,2265,55,35,0.0243,11,2.82,0.3548,"2014-12-18 22:00:00","2014-12-18 23:00:00",1,0
1760140,400,2,2,0.0050,2,15.50,0.0645,"2014-12-09 10:00:00","2014-12-18 23:00:00",229,9
1769128,1654,11,9,0.0067,8,3.88,0.2581,"2014-12-14 15:00:00","2014-12-18 23:00:00",104,4
1799885,1075,8,8,0.0074,7,4.43,0.2258,"2014-12-18 19:00:00","2014-12-18 23:00:00",4,0
1805148,1506,8,8,0.0053,7,4.43,0.2258,"2014-12-12 15:00:00","2014-12-18 23:00:00",152,6
1805740,1514,23,20,0.0152,13,2.38,0.4194,"2014-12-18 21:00:00","2014-12-18 23:00:00",2,0
1806084,1200,17,8,0.0142,5,6.20,0.1613,"2014-12-18 13:00:00","2014-12-18 23:00:00",10,0
1820303,62,1,1,0.0161,1,31.00,0.0323,"2014-12-05 21:00:00","2014-12-18 23:00:00",314,13
1824572,992,36,21,0.0363,2,15.50,0.0645,"2014-12-08 18:00:00","2014-12-18 23:00:00",245,10
1825186,530,19,19,0.0358,4,7.75,0.1290,"2014-12-17 16:00:00","2014-12-18 23:00:00",31,1
1834928,1863,29,27,0.0156,14,2.21,0.4516,"2014-12-18 13:00:00","2014-12-18 23:00:00",10,0
1857066,1909,56,43,0.0293,14,2.21,0.4516,"2014-12-17 01:00:00","2014-12-18 23:00:00",46,1
1866742,1793,7,7,0.0039,6,5.17,0.1935,"2014-12-14 20:00:00","2014-12-18 23:00:00",99,4
1897583,1830,4,4,0.0022,3,10.33,0.0968,"2014-12-12 10:00:00","2014-12-18 23:00:00",157,6
1926899,6311,101,82,0.0160,14,2.21,0.4516,"2014-12-18 15:00:00","2014-12-18 23:00:00",8,0
1944583,945,7,7,0.0074,4,7.75,0.1290,"2014-11-28 14:00:00","2014-12-18 23:00:00",489,20
1963813,632,10,8,0.0158,5,6.20,0.1613,"2014-12-14 12:00:00","2014-12-18 23:00:00",107,4
1985644,852,9,9,0.0106,5,6.20,0.1613,"2014-12-14 14:00:00","2014-12-18 23:00:00",105,4
2003464,2003,24,19,0.0120,12,2.58,0.3871,"2014-12-15 16:00:00","2014-12-18 23:00:00",79,3
2010204,214,4,4,0.0187,3,10.33,0.0968,"2014-12-09 06:00:00","2014-12-18 23:00:00",233,9
2045844,167,8,8,0.0479,4,7.75,0.1290,"2014-12-18 11:00:00","2014-12-18 23:00:00",12,0
2073744,325,0,0,0.0000,0,NULL,0.0000,NULL,"2014-12-18 23:00:00",NULL,NULL
2077849,52,2,2,0.0385,1,31.00,0.0323,"2014-11-28 18:00:00","2014-12-18 23:00:00",485,20
2079867,1795,22,21,0.0123,6,5.17,0.1935,"2014-12-12 12:00:00","2014-12-18 23:00:00",155,6
2083985,254,2,2,0.0079,2,15.50,0.0645,"2014-12-13 17:00:00","2014-12-18 23:00:00",126,5
2092395,297,1,1,0.0034,1,31.00,0.0323,"2014-12-12 16:00:00","2014-12-18 23:00:00",151,6
2097413,2609,11,11,0.0042,10,3.10,0.3226,"2014-12-18 18:00:00","2014-12-18 23:00:00",5,0
2099277,473,2,2,0.0042,2,15.50,0.0645,"2014-11-27 16:00:00","2014-12-18 23:00:00",511,21
2103285,1062,16,10,0.0151,8,3.88,0.2581,"2014-12-18 15:00:00","2014-12-18 23:00:00",8,0
2103722,1535,8,6,0.0052,5,6.20,0.1613,"2014-12-12 15:00:00","2014-12-18 23:00:00",152,6
2112922,534,2,2,0.0037,1,31.00,0.0323,"2014-12-09 22:00:00","2014-12-18 23:00:00",217,9
2120923,392,11,11,0.0281,4,7.75,0.1290,"2014-12-12 23:00:00","2014-12-18 23:00:00",144,6
2128246,1626,14,13,0.0086,4,7.75,0.1290,"2014-12-12 14:00:00","2014-12-18 23:00:00",153,6
2131753,2029,24,22,0.0118,11,2.82,0.3548,"2014-12-16 15:00:00","2014-12-18 23:00:00",56,2
2139347,224,2,2,0.0089,2,15.50,0.0645,"2014-12-12 15:00:00","2014-12-18 23:00:00",152,6
2165371,270,5,5,0.0185,2,15.50,0.0645,"2014-12-10 12:00:00","2014-12-18 23:00:00",203,8
2172795,2910,23,23,0.0079,13,2.38,0.4194,"2014-12-18 12:00:00","2014-12-18 23:00:00",11,0
2183798,1031,6,6,0.0058,5,6.20,0.1613,"2014-12-05 22:00:00","2014-12-18 23:00:00",313,13
2196875,1006,3,3,0.0030,3,10.33,0.0968,"2014-12-14 15:00:00","2014-12-18 23:00:00",104,4
2227874,1984,10,9,0.0050,7,4.43,0.2258,"2014-12-13 17:00:00","2014-12-18 23:00:00",126,5
2242451,196,1,1,0.0051,1,31.00,0.0323,"2014-12-18 10:00:00","2014-12-18 23:00:00",13,0
2242773,1541,11,9,0.0071,8,3.88,0.2581,"2014-12-10 16:00:00","2014-12-18 23:00:00",199,8
2256395,196,6,6,0.0306,3,10.33,0.0968,"2014-12-14 18:00:00","2014-12-18 23:00:00",101,4
2267344,1844,14,12,0.0076,9,3.44,0.2903,"2014-12-17 14:00:00","2014-12-18 23:00:00",33,1
2272401,161,1,1,0.0062,1,31.00,0.0323,"2014-11-29 15:00:00","2014-12-18 23:00:00",464,19
2283337,1416,36,32,0.0254,13,2.38,0.4194,"2014-12-12 22:00:00","2014-12-18 23:00:00",145,6
2302002,1081,39,36,0.0361,7,4.43,0.2258,"2014-12-17 21:00:00","2014-12-18 23:00:00",26,1
2319819,3303,17,16,0.0051,9,3.44,0.2903,"2014-12-18 22:00:00","2014-12-18 23:00:00",1,0
2338844,48,1,1,0.0208,1,31.00,0.0323,"2014-12-13 21:00:00","2014-12-18 23:00:00",122,5
2352151,828,4,4,0.0048,4,7.75,0.1290,"2014-12-16 19:00:00","2014-12-18 23:00:00",52,2
2357844,815,20,17,0.0245,10,3.10,0.3226,"2014-12-13 21:00:00","2014-12-18 23:00:00",122,5
2364046,2034,17,17,0.0084,7,4.43,0.2258,"2014-12-12 18:00:00","2014-12-18 23:00:00",149,6
2364863,373,4,3,0.0107,2,15.50,0.0645,"2014-12-01 16:00:00","2014-12-18 23:00:00",415,17
2379445,602,11,11,0.0183,6,5.17,0.1935,"2014-12-17 21:00:00","2014-12-18 23:00:00",26,1
2400099,1176,18,16,0.0153,8,3.88,0.2581,"2014-12-18 22:00:00","2014-12-18 23:00:00",1,0
2489487,1179,8,7,0.0068,7,4.43,0.2258,"2014-12-18 23:00:00","2014-12-18 23:00:00",0,0
2493818,916,11,11,0.0120,7,4.43,0.2258,"2014-12-17 04:00:00","2014-12-18 23:00:00",43,1
2502524,4699,5,5,0.0011,4,7.75,0.1290,"2014-12-17 09:00:00","2014-12-18 23:00:00",38,1
2510646,40,0,0,0.0000,0,NULL,0.0000,NULL,"2014-12-18 23:00:00",NULL,NULL
2527320,699,2,2,0.0029,2,15.50,0.0645,"2014-12-01 14:00:00","2014-12-18 23:00:00",417,17
2536588,1031,15,14,0.0145,10,3.10,0.3226,"2014-12-18 21:00:00","2014-12-18 23:00:00",2,0
2557196,410,3,2,0.0073,2,15.50,0.0645,"2014-12-16 20:00:00","2014-12-18 23:00:00",51,2
2588780,1518,11,10,0.0072,8,3.88,0.2581,"2014-12-17 21:00:00","2014-12-18 23:00:00",26,1
2590763,519,1,1,0.0019,1,31.00,0.0323,"2014-12-16 20:00:00","2014-12-18 23:00:00",51,2
2622091,2104,9,6,0.0043,7,4.43,0.2258,"2014-12-18 20:00:00","2014-12-18 23:00:00",3,0
2639819,1026,2,2,0.0019,2,15.50,0.0645,"2014-12-09 14:00:00","2014-12-18 23:00:00",225,9
2675166,1606,0,0,0.0000,0,NULL,0.0000,NULL,"2014-12-18 23:00:00",NULL,NULL
2683726,878,5,5,0.0057,3,10.33,0.0968,"2014-12-10 20:00:00","2014-12-18 23:00:00",195,8
2686606,1956,11,11,0.0056,3,10.33,0.0968,"2014-12-16 12:00:00","2014-12-18 23:00:00",59,2
2695854,1155,25,22,0.0216,9,3.44,0.2903,"2014-12-17 20:00:00","2014-12-18 23:00:00",27,1
2696208,114,1,1,0.0088,1,31.00,0.0323,"2014-11-25 20:00:00","2014-12-18 23:00:00",555,23
2720721,5248,21,14,0.0040,14,2.21,0.4516,"2014-12-16 16:00:00","2014-12-18 23:00:00",55,2
2742560,2569,38,35,0.0148,17,1.82,0.5484,"2014-12-14 19:00:00","2014-12-18 23:00:00",100,4
2745737,1151,15,11,0.0130,3,10.33,0.0968,"2014-12-09 01:00:00","2014-12-18 23:00:00",238,9
2751701,1692,2,2,0.0012,2,15.50,0.0645,"2014-12-16 21:00:00","2014-12-18 23:00:00",50,2
2763135,135,2,2,0.0148,1,31.00,0.0323,"2014-12-13 21:00:00","2014-12-18 23:00:00",122,5
2803672,263,0,0,0.0000,0,NULL,0.0000,NULL,"2014-12-18 23:00:00",NULL,NULL
2814416,1029,10,10,0.0097,7,4.43,0.2258,"2014-12-14 17:00:00","2014-12-18 23:00:00",102,4
2820961,2589,24,24,0.0093,13,2.38,0.4194,"2014-12-17 12:00:00","2014-12-18 23:00:00",35,1
2839379,381,4,4,0.0105,3,10.33,0.0968,"2014-12-12 15:00:00","2014-12-18 23:00:00",152,6
2845412,632,6,6,0.0095,4,7.75,0.1290,"2014-12-15 19:00:00","2014-12-18 23:00:00",76,3
2870275,805,5,5,0.0062,3,10.33,0.0968,"2014-12-16 10:00:00","2014-12-18 23:00:00",61,2
2883429,351,1,1,0.0028,1,31.00,0.0323,"2014-12-08 09:00:00","2014-12-18 23:00:00",254,10
2887948,207,2,2,0.0097,1,31.00,0.0323,"2014-11-30 13:00:00","2014-12-18 23:00:00",442,18
2896763,396,1,1,0.0025,1,31.00,0.0323,"2014-11-28 08:00:00","2014-12-18 23:00:00",495,20
2910556,1353,33,32,0.0244,14,2.21,0.4516,"2014-12-16 22:00:00","2014-12-18 23:00:00",49,2
2913602,1534,36,24,0.0235,12,2.58,0.3871,"2014-12-18 10:00:00","2014-12-18 23:00:00",13,0
2934039,527,6,5,0.0114,5,6.20,0.1613,"2014-12-16 16:00:00","2014-12-18 23:00:00",55,2
2935703,1820,19,17,0.0104,12,2.58,0.3871,"2014-12-16 18:00:00","2014-12-18 23:00:00",53,2
2950136,1059,24,22,0.0227,11,2.82,0.3548,"2014-12-16 15:00:00","2014-12-18 23:00:00",56,2
2952532,2143,19,17,0.0089,10,3.10,0.3226,"2014-12-18 21:00:00","2014-12-18 23:00:00",2,0
2967122,831,8,8,0.0096,5,6.20,0.1613,"2014-12-11 18:00:00","2014-12-18 23:00:00",173,7
2989110,994,27,15,0.0272,9,3.44,0.2903,"2014-12-17 10:00:00","2014-12-18 23:00:00",37,1
3016266,1436,11,9,0.0077,6,5.17,0.1935,"2014-12-15 14:00:00","2014-12-18 23:00:00",81,3
3063448,2697,21,20,0.0078,12,2.58,0.3871,"2014-12-18 22:00:00","2014-12-18 23:00:00",1,0
3065306,3213,11,11,0.0034,5,6.20,0.1613,"2014-12-09 12:00:00","2014-12-18 23:00:00",227,9
3066501,380,1,1,0.0026,1,31.00,0.0323,"2014-11-22 21:00:00","2014-12-18 23:00:00",626,26
3089923,638,2,2,0.0031,2,15.50,0.0645,"2014-12-15 16:00:00","2014-12-18 23:00:00",79,3
3141769,678,8,8,0.0118,6,5.17,0.1935,"2014-12-18 21:00:00","2014-12-18 23:00:00",2,0
3141933,698,6,5,0.0086,4,7.75,0.1290,"2014-12-08 10:00:00","2014-12-18 23:00:00",253,10
3162324,563,8,8,0.0142,4,7.75,0.1290,"2014-12-16 10:00:00","2014-12-18 23:00:00",61,2
3166978,1135,45,40,0.0396,14,2.21,0.4516,"2014-12-18 17:00:00","2014-12-18 23:00:00",6,0
3190957,732,9,6,0.0123,4,7.75,0.1290,"2014-12-13 23:00:00","2014-12-18 23:00:00",120,5
3191339,158,0,0,0.0000,0,NULL,0.0000,NULL,"2014-12-18 23:00:00",NULL,NULL
3192805,333,6,6,0.0180,3,10.33,0.0968,"2014-12-01 23:00:00","2014-12-18 23:00:00",408,17
3207324,114,0,0,0.0000,0,NULL,0.0000,NULL,"2014-12-18 23:00:00",NULL,NULL
3227231,2072,29,24,0.0140,13,2.38,0.4194,"2014-12-10 12:00:00","2014-12-18 23:00:00",203,8
3233000,366,6,6,0.0164,6,5.17,0.1935,"2014-12-18 11:00:00","2014-12-18 23:00:00",12,0
3240412,773,1,1,0.0013,1,31.00,0.0323,"2014-12-05 20:00:00","2014-12-18 23:00:00",315,13
3282021,7504,39,37,0.0052,8,3.88,0.2581,"2014-12-18 20:00:00","2014-12-18 23:00:00",3,0
3304327,2470,19,19,0.0077,9,3.44,0.2903,"2014-12-18 07:00:00","2014-12-18 23:00:00",16,0
3318666,8470,40,37,0.0047,14,2.21,0.4516,"2014-12-18 15:00:00","2014-12-18 23:00:00",8,0
3324323,447,2,2,0.0045,2,15.50,0.0645,"2014-12-08 11:00:00","2014-12-18 23:00:00",252,10
3328558,2667,21,17,0.0079,10,3.10,0.3226,"2014-12-16 23:00:00","2014-12-18 23:00:00",48,2
3350428,813,8,8,0.0098,3,10.33,0.0968,"2014-12-16 09:00:00","2014-12-18 23:00:00",62,2
3375066,342,14,7,0.0409,9,3.44,0.2903,"2014-12-18 15:00:00","2014-12-18 23:00:00",8,0
3378138,1196,0,0,0.0000,0,NULL,0.0000,NULL,"2014-12-18 23:00:00",NULL,NULL
3380259,616,11,7,0.0179,7,4.43,0.2258,"2014-12-15 19:00:00","2014-12-18 23:00:00",76,3
3384843,848,8,7,0.0094,5,6.20,0.1613,"2014-12-06 14:00:00","2014-12-18 23:00:00",297,12
3395807,303,0,0,0.0000,0,NULL,0.0000,NULL,"2014-12-18 23:00:00",NULL,NULL
3421308,5,0,0,0.0000,0,NULL,0.0000,NULL,"2014-12-18 23:00:00",NULL,NULL
3423779,148,10,9,0.0676,3,10.33,0.0968,"2014-12-08 11:00:00","2014-12-18 23:00:00",252,10
3442818,5838,47,40,0.0081,15,2.07,0.4839,"2014-12-18 15:00:00","2014-12-18 23:00:00",8,0
3447448,70,1,1,0.0143,1,31.00,0.0323,"2014-12-18 17:00:00","2014-12-18 23:00:00",6,0
3460631,552,24,23,0.0435,10,3.10,0.3226,"2014-12-10 13:00:00","2014-12-18 23:00:00",202,8
3466367,1454,3,3,0.0021,2,15.50,0.0645,"2014-12-17 12:00:00","2014-12-18 23:00:00",35,1
3468674,67,8,8,0.1194,2,15.50,0.0645,"2014-12-12 21:00:00","2014-12-18 23:00:00",146,6
3482403,531,10,9,0.0188,7,4.43,0.2258,"2014-12-18 20:00:00","2014-12-18 23:00:00",3,0
3495324,640,1,1,0.0016,1,31.00,0.0323,"2014-12-03 22:00:00","2014-12-18 23:00:00",361,15
3508821,794,14,10,0.0176,6,5.17,0.1935,"2014-12-17 21:00:00","2014-12-18 23:00:00",26,1
3512329,3148,12,12,0.0038,6,5.17,0.1935,"2014-12-18 22:00:00","2014-12-18 23:00:00",1,0
3519280,1513,34,23,0.0225,4,7.75,0.1290,"2014-12-12 00:00:00","2014-12-18 23:00:00",167,6
3543407,2116,6,6,0.0028,4,7.75,0.1290,"2014-12-18 11:00:00","2014-12-18 23:00:00",12,0
3566914,1668,19,14,0.0114,9,3.44,0.2903,"2014-12-12 15:00:00","2014-12-18 23:00:00",152,6
3567524,287,0,0,0.0000,0,NULL,0.0000,NULL,"2014-12-18 23:00:00",NULL,NULL
3569244,1431,3,3,0.0021,3,10.33,0.0968,"2014-12-17 15:00:00","2014-12-18 23:00:00",32,1
3569918,157,3,3,0.0191,2,15.50,0.0645,"2014-12-17 16:00:00","2014-12-18 23:00:00",31,1
3577313,419,6,6,0.0143,3,10.33,0.0968,"2014-12-05 16:00:00","2014-12-18 23:00:00",319,13
3578206,5984,12,12,0.0020,10,3.10,0.3226,"2014-12-17 20:00:00","2014-12-18 23:00:00",27,1
3607854,2370,43,41,0.0181,8,3.88,0.2581,"2014-12-16 22:00:00","2014-12-18 23:00:00",49,2
3631290,397,4,4,0.0101,3,10.33,0.0968,"2014-12-12 00:00:00","2014-12-18 23:00:00",167,6
3632278,1169,15,15,0.0128,8,3.88,0.2581,"2014-12-14 13:00:00","2014-12-18 23:00:00",106,4
3662776,1419,44,44,0.0310,23,1.35,0.7419,"2014-12-18 22:00:00","2014-12-18 23:00:00",1,0
3671315,3821,76,66,0.0199,21,1.48,0.6774,"2014-12-16 21:00:00","2014-12-18 23:00:00",50,2
3671520,1441,23,21,0.0160,14,2.21,0.4516,"2014-12-14 11:00:00","2014-12-18 23:00:00",108,4
3694961,9722,115,98,0.0118,26,1.19,0.8387,"2014-12-18 23:00:00","2014-12-18 23:00:00",0,0
3695398,1999,13,9,0.0065,6,5.17,0.1935,"2014-12-17 22:00:00","2014-12-18 23:00:00",25,1
3709994,1388,6,5,0.0043,5,6.20,0.1613,"2014-12-16 11:00:00","2014-12-18 23:00:00",60,2
3712578,1550,17,17,0.0110,11,2.82,0.3548,"2014-12-15 14:00:00","2014-12-18 23:00:00",81,3
3714513,1062,6,5,0.0056,5,6.20,0.1613,"2014-12-14 21:00:00","2014-12-18 23:00:00",98,4
3731463,4053,15,14,0.0037,8,3.88,0.2581,"2014-12-15 20:00:00","2014-12-18 23:00:00",75,3
3763394,267,9,7,0.0337,2,15.50,0.0645,"2014-12-12 21:00:00","2014-12-18 23:00:00",146,6
3789630,438,5,5,0.0114,4,7.75,0.1290,"2014-12-18 14:00:00","2014-12-18 23:00:00",9,0
3791755,342,1,1,0.0029,1,31.00,0.0323,"2014-12-15 14:00:00","2014-12-18 23:00:00",81,3
3792677,826,15,12,0.0182,6,5.17,0.1935,"2014-12-17 10:00:00","2014-12-18 23:00:00",37,1
3796254,232,5,5,0.0216,4,7.75,0.1290,"2014-12-12 09:00:00","2014-12-18 23:00:00",158,6
3808025,109,0,0,0.0000,0,NULL,0.0000,NULL,"2014-12-18 23:00:00",NULL,NULL
3830694,1137,30,27,0.0264,11,2.82,0.3548,"2014-12-18 19:00:00","2014-12-18 23:00:00",4,0
3840121,3316,46,41,0.0139,15,2.07,0.4839,"2014-12-18 22:00:00","2014-12-18 23:00:00",1,0
3849356,58,0,0,0.0000,0,NULL,0.0000,NULL,"2014-12-18 23:00:00",NULL,NULL
3864501,182,4,3,0.0220,3,10.33,0.0968,"2014-12-11 17:00:00","2014-12-18 23:00:00",174,7
3878869,860,6,6,0.0070,6,5.17,0.1935,"2014-12-11 21:00:00","2014-12-18 23:00:00",170,7
3880359,163,3,3,0.0184,3,10.33,0.0968,"2014-12-08 13:00:00","2014-12-18 23:00:00",250,10
3914310,385,4,3,0.0104,3,10.33,0.0968,"2014-12-15 22:00:00","2014-12-18 23:00:00",73,3
3919761,320,4,3,0.0125,3,10.33,0.0968,"2014-12-01 18:00:00","2014-12-18 23:00:00",413,17
3927253,652,2,2,0.0031,2,15.50,0.0645,"2014-12-03 08:00:00","2014-12-18 23:00:00",375,15
3945782,907,1,1,0.0011,1,31.00,0.0323,"2014-11-21 10:00:00","2014-12-18 23:00:00",661,27
3965819,147,2,1,0.0136,2,15.50,0.0645,"2014-12-16 22:00:00","2014-12-18 23:00:00",49,2
3987745,516,8,8,0.0155,7,4.43,0.2258,"2014-12-15 14:00:00","2014-12-18 23:00:00",81,3
4053567,2872,10,9,0.0035,8,3.88,0.2581,"2014-12-15 22:00:00","2014-12-18 23:00:00",73,3
4060646,969,6,6,0.0062,5,6.20,0.1613,"2014-12-18 13:00:00","2014-12-18 23:00:00",10,0
4076820,603,18,11,0.0299,10,3.10,0.3226,"2014-12-17 15:00:00","2014-12-18 23:00:00",32,1
4077888,985,20,19,0.0203,12,2.58,0.3871,"2014-12-18 08:00:00","2014-12-18 23:00:00",15,0
4082863,1807,6,6,0.0033,5,6.20,0.1613,"2014-12-17 15:00:00","2014-12-18 23:00:00",32,1
4088842,662,15,14,0.0227,8,3.88,0.2581,"2014-12-17 22:00:00","2014-12-18 23:00:00",25,1
4095217,1170,4,4,0.0034,4,7.75,0.1290,"2014-12-13 14:00:00","2014-12-18 23:00:00",129,5
4102557,2730,17,16,0.0062,9,3.44,0.2903,"2014-12-15 15:00:00","2014-12-18 23:00:00",80,3
4102766,65,0,0,0.0000,0,NULL,0.0000,NULL,"2014-12-18 23:00:00",NULL,NULL
4110055,730,7,7,0.0096,6,5.17,0.1935,"2014-12-15 11:00:00","2014-12-18 23:00:00",84,3
4110672,3302,2,2,0.0006,2,15.50,0.0645,"2014-12-10 12:00:00","2014-12-18 23:00:00",203,8
4120403,3723,149,125,0.0400,20,1.55,0.6452,"2014-12-18 16:00:00","2014-12-18 23:00:00",7,0
4120881,39,0,0,0.0000,0,NULL,0.0000,NULL,"2014-12-18 23:00:00",NULL,NULL
4137745,3724,30,24,0.0081,16,1.94,0.5161,"2014-12-16 12:00:00","2014-12-18 23:00:00",59,2
4140926,969,10,9,0.0103,6,5.17,0.1935,"2014-12-12 14:00:00","2014-12-18 23:00:00",153,6
4146900,3996,29,27,0.0073,15,2.07,0.4839,"2014-12-18 23:00:00","2014-12-18 23:00:00",0,0
4164164,421,4,4,0.0095,3,10.33,0.0968,"2014-12-12 07:00:00","2014-12-18 23:00:00",160,6
4164359,1552,3,3,0.0019,2,15.50,0.0645,"2014-12-04 13:00:00","2014-12-18 23:00:00",346,14
4174826,781,1,1,0.0013,1,31.00,0.0323,"2014-12-17 11:00:00","2014-12-18 23:00:00",36,1
4186010,966,18,18,0.0186,6,5.17,0.1935,"2014-12-11 10:00:00","2014-12-18 23:00:00",181,7
4195964,1822,36,33,0.0198,13,2.38,0.4194,"2014-12-15 13:00:00","2014-12-18 23:00:00",82,3
4225412,4872,51,49,0.0105,17,1.82,0.5484,"2014-12-17 15:00:00","2014-12-18 23:00:00",32,1
4231989,1160,9,9,0.0078,7,4.43,0.2258,"2014-12-13 22:00:00","2014-12-18 23:00:00",121,5
4232880,620,0,0,0.0000,0,NULL,0.0000,NULL,"2014-12-18 23:00:00",NULL,NULL
4261260,1527,2,2,0.0013,2,15.50,0.0645,"2014-12-16 14:00:00","2014-12-18 23:00:00",57,2
4271718,1629,17,13,0.0104,10,3.10,0.3226,"2014-12-06 16:00:00","2014-12-18 23:00:00",295,12
4283186,332,1,1,0.0030,1,31.00,0.0323,"2014-12-14 23:00:00","2014-12-18 23:00:00",96,4
4286657,1194,7,7,0.0059,6,5.17,0.1935,"2014-12-18 18:00:00","2014-12-18 23:00:00",5,0
4338344,1689,6,6,0.0036,6,5.17,0.1935,"2014-12-15 22:00:00","2014-12-18 23:00:00",73,3
4346474,60,0,0,0.0000,0,NULL,0.0000,NULL,"2014-12-18 23:00:00",NULL,NULL
4361577,5850,103,87,0.0176,15,2.07,0.4839,"2014-12-18 19:00:00","2014-12-18 23:00:00",4,0
4364079,7241,69,56,0.0095,16,1.94,0.5161,"2014-12-15 17:00:00","2014-12-18 23:00:00",78,3
4374427,723,5,4,0.0069,2,15.50,0.0645,"2014-12-17 12:00:00","2014-12-18 23:00:00",35,1
4381858,971,12,11,0.0124,4,7.75,0.1290,"2014-12-10 15:00:00","2014-12-18 23:00:00",200,8
4387844,766,15,9,0.0196,4,7.75,0.1290,"2014-12-17 11:00:00","2014-12-18 23:00:00",36,1
4445837,514,11,10,0.0214,6,5.17,0.1935,"2014-12-13 21:00:00","2014-12-18 23:00:00",122,5
4496414,485,8,8,0.0165,7,4.43,0.2258,"2014-12-17 20:00:00","2014-12-18 23:00:00",27,1
4499782,30,0,0,0.0000,0,NULL,0.0000,NULL,"2014-12-18 23:00:00",NULL,NULL
4524349,1397,22,18,0.0157,6,5.17,0.1935,"2014-12-15 16:00:00","2014-12-18 23:00:00",79,3
4561993,2006,4,4,0.0020,3,10.33,0.0968,"2014-11-30 20:00:00","2014-12-18 23:00:00",435,18
4567220,328,3,3,0.0091,2,15.50,0.0645,"2014-12-17 20:00:00","2014-12-18 23:00:00",27,1
4573013,1222,15,13,0.0123,10,3.10,0.3226,"2014-12-12 10:00:00","2014-12-18 23:00:00",157,6
4579794,2314,22,20,0.0095,8,3.88,0.2581,"2014-12-09 20:00:00","2014-12-18 23:00:00",219,9
4597166,241,6,4,0.0249,4,7.75,0.1290,"2014-12-17 11:00:00","2014-12-18 23:00:00",36,1
4642457,823,11,11,0.0134,8,3.88,0.2581,"2014-12-17 15:00:00","2014-12-18 23:00:00",32,1
4644312,97,2,2,0.0206,2,15.50,0.0645,"2014-12-08 16:00:00","2014-12-18 23:00:00",247,10
4688795,85,3,3,0.0353,3,10.33,0.0968,"2014-12-01 11:00:00","2014-12-18 23:00:00",420,17
4710740,353,7,4,0.0198,2,15.50,0.0645,"2014-12-12 19:00:00","2014-12-18 23:00:00",148,6
4716732,479,5,5,0.0104,3,10.33,0.0968,"2014-12-07 22:00:00","2014-12-18 23:00:00",265,11
4725269,4580,13,11,0.0028,10,3.10,0.3226,"2014-12-15 07:00:00","2014-12-18 23:00:00",88,3
4729352,416,3,2,0.0072,2,15.50,0.0645,"2014-12-01 21:00:00","2014-12-18 23:00:00",410,17
4741469,76,0,0,0.0000,0,NULL,0.0000,NULL,"2014-12-18 23:00:00",NULL,NULL
4742459,1246,1,1,0.0008,1,31.00,0.0323,"2014-12-03 14:00:00","2014-12-18 23:00:00",369,15
4744483,1047,0,0,0.0000,0,NULL,0.0000,NULL,"2014-12-18 23:00:00",NULL,NULL
4752206,945,11,11,0.0116,7,4.43,0.2258,"2014-12-18 15:00:00","2014-12-18 23:00:00",8,0
4755159,224,4,3,0.0179,3,10.33,0.0968,"2014-12-08 19:00:00","2014-12-18 23:00:00",244,10
4763932,316,1,1,0.0032,1,31.00,0.0323,"2014-11-30 00:00:00","2014-12-18 23:00:00",455,18
4772544,225,1,1,0.0044,1,31.00,0.0323,"2014-12-09 00:00:00","2014-12-18 23:00:00",239,9
4780516,164,0,0,0.0000,0,NULL,0.0000,NULL,"2014-12-18 23:00:00",NULL,NULL
4790160,331,12,12,0.0363,3,10.33,0.0968,"2014-11-30 20:00:00","2014-12-18 23:00:00",435,18
4839432,1392,1,1,0.0007,1,31.00,0.0323,"2014-11-25 08:00:00","2014-12-18 23:00:00",567,23
4839533,949,12,10,0.0126,9,3.44,0.2903,"2014-12-18 15:00:00","2014-12-18 23:00:00",8,0
4839961,1052,1,1,0.0010,1,31.00,0.0323,"2014-11-19 15:00:00","2014-12-18 23:00:00",704,29
4869558,585,2,2,0.0034,1,31.00,0.0323,"2014-12-01 22:00:00","2014-12-18 23:00:00",409,17
4903043,3069,37,31,0.0121,11,2.82,0.3548,"2014-12-12 00:00:00","2014-12-18 23:00:00",167,6
4917287,177,3,3,0.0169,3,10.33,0.0968,"2014-12-18 10:00:00","2014-12-18 23:00:00",13,0
4919496,109,1,1,0.0092,1,31.00,0.0323,"2014-11-23 16:00:00","2014-12-18 23:00:00",607,25
4921070,169,3,3,0.0178,3,10.33,0.0968,"2014-11-28 19:00:00","2014-12-18 23:00:00",484,20
4922072,369,2,2,0.0054,2,15.50,0.0645,"2014-12-11 16:00:00","2014-12-18 23:00:00",175,7
4960300,1186,2,2,0.0017,2,15.50,0.0645,"2014-12-07 20:00:00","2014-12-18 23:00:00",267,11
4977592,1865,0,0,0.0000,0,NULL,0.0000,NULL,"2014-12-18 23:00:00",NULL,NULL
4979200,1100,8,7,0.0073,6,5.17,0.1935,"2014-12-15 14:00:00","2014-12-18 23:00:00",81,3
5020210,1425,43,30,0.0302,6,5.17,0.1935,"2014-12-13 10:00:00","2014-12-18 23:00:00",133,5
5028667,888,8,8,0.0090,6,5.17,0.1935,"2014-12-18 13:00:00","2014-12-18 23:00:00",10,0
5051617,834,1,1,0.0012,1,31.00,0.0323,"2014-11-27 12:00:00","2014-12-18 23:00:00",515,21
5057199,1162,2,2,0.0017,1,31.00,0.0323,"2014-12-06 15:00:00","2014-12-18 23:00:00",296,12
5066694,1452,31,25,0.0213,9,3.44,0.2903,"2014-12-16 00:00:00","2014-12-18 23:00:00",71,2
5091068,769,8,7,0.0104,4,7.75,0.1290,"2014-12-01 18:00:00","2014-12-18 23:00:00",413,17
5125563,49,0,0,0.0000,0,NULL,0.0000,NULL,"2014-12-18 23:00:00",NULL,NULL
5137598,1353,2,2,0.0015,2,15.50,0.0645,"2014-12-17 12:00:00","2014-12-18 23:00:00",35,1
5141057,258,3,3,0.0116,2,15.50,0.0645,"2014-12-12 21:00:00","2014-12-18 23:00:00",146,6
5154444,1226,11,9,0.0090,7,4.43,0.2258,"2014-12-16 10:00:00","2014-12-18 23:00:00",61,2
5159022,1409,1,1,0.0007,1,31.00,0.0323,"2014-12-14 12:00:00","2014-12-18 23:00:00",107,4
5179507,209,5,5,0.0239,2,15.50,0.0645,"2014-11-30 20:00:00","2014-12-18 23:00:00",435,18
5187945,14,1,1,0.0714,1,31.00,0.0323,"2014-12-11 19:00:00","2014-12-18 23:00:00",172,7
5189513,1738,11,8,0.0063,4,7.75,0.1290,"2014-12-12 15:00:00","2014-12-18 23:00:00",152,6
5196815,369,9,8,0.0244,4,7.75,0.1290,"2014-12-18 13:00:00","2014-12-18 23:00:00",10,0
5201714,2493,21,19,0.0084,11,2.82,0.3548,"2014-12-18 17:00:00","2014-12-18 23:00:00",6,0
5223307,924,5,4,0.0054,4,7.75,0.1290,"2014-12-18 09:00:00","2014-12-18 23:00:00",14,0
5236221,1006,9,7,0.0089,6,5.17,0.1935,"2014-12-17 11:00:00","2014-12-18 23:00:00",36,1
5240052,37,0,0,0.0000,0,NULL,0.0000,NULL,"2014-12-18 23:00:00",NULL,NULL
5250412,1539,3,3,0.0019,3,10.33,0.0968,"2014-12-14 17:00:00","2014-12-18 23:00:00",102,4
5255076,95,0,0,0.0000,0,NULL,0.0000,NULL,"2014-12-18 23:00:00",NULL,NULL
5287432,133,3,3,0.0226,2,15.50,0.0645,"2014-12-03 16:00:00","2014-12-18 23:00:00",367,15
5307517,583,3,3,0.0051,3,10.33,0.0968,"2014-12-12 17:00:00","2014-12-18 23:00:00",150,6
5315279,12387,34,34,0.0027,13,2.38,0.4194,"2014-12-18 02:00:00","2014-12-18 23:00:00",21,0
5358079,1937,11,11,0.0057,6,5.17,0.1935,"2014-12-14 19:00:00","2014-12-18 23:00:00",100,4
5392788,67,0,0,0.0000,0,NULL,0.0000,NULL,"2014-12-18 23:00:00",NULL,NULL
5396057,2158,11,9,0.0051,5,6.20,0.1613,"2014-12-15 19:00:00","2014-12-18 23:00:00",76,3
5412158,201,13,12,0.0647,8,3.88,0.2581,"2014-12-17 18:00:00","2014-12-18 23:00:00",29,1
5424550,4179,101,81,0.0242,22,1.41,0.7097,"2014-12-17 19:00:00","2014-12-18 23:00:00",28,1
5440164,222,2,2,0.0090,1,31.00,0.0323,"2014-12-18 15:00:00","2014-12-18 23:00:00",8,0
5451259,148,4,4,0.0270,4,7.75,0.1290,"2014-12-09 12:00:00","2014-12-18 23:00:00",227,9
5460550,1640,15,14,0.0091,10,3.10,0.3226,"2014-12-16 21:00:00","2014-12-18 23:00:00",50,2
5466222,871,5,5,0.0057,4,7.75,0.1290,"2014-12-07 18:00:00","2014-12-18 23:00:00",269,11
5467215,933,21,18,0.0225,11,2.82,0.3548,"2014-12-17 20:00:00","2014-12-18 23:00:00",27,1
5478302,4740,9,9,0.0019,6,5.17,0.1935,"2014-12-18 17:00:00","2014-12-18 23:00:00",6,0
5481789,667,2,2,0.0030,1,31.00,0.0323,"2014-12-05 15:00:00","2014-12-18 23:00:00",320,13
5483686,41,3,3,0.0732,2,15.50,0.0645,"2014-12-16 11:00:00","2014-12-18 23:00:00",60,2
5485673,907,9,7,0.0099,5,6.20,0.1613,"2014-12-17 23:00:00","2014-12-18 23:00:00",24,1
5586064,1115,23,19,0.0206,12,2.58,0.3871,"2014-12-17 10:00:00","2014-12-18 23:00:00",37,1
5616094,419,3,3,0.0072,2,15.50,0.0645,"2014-12-04 19:00:00","2014-12-18 23:00:00",340,14
5624123,539,7,7,0.0130,4,7.75,0.1290,"2014-12-14 12:00:00","2014-12-18 23:00:00",107,4
5626464,602,6,6,0.0100,3,10.33,0.0968,"2014-12-17 23:00:00","2014-12-18 23:00:00",24,1
5680285,354,2,2,0.0056,1,31.00,0.0323,"2014-12-10 02:00:00","2014-12-18 23:00:00",213,8
5686843,1722,22,21,0.0128,12,2.58,0.3871,"2014-12-18 21:00:00","2014-12-18 23:00:00",2,0
5694160,4504,18,12,0.0040,8,3.88,0.2581,"2014-12-18 10:00:00","2014-12-18 23:00:00",13,0
5698511,3082,7,4,0.0023,3,10.33,0.0968,"2014-12-14 20:00:00","2014-12-18 23:00:00",99,4
5699616,56,2,2,0.0357,2,15.50,0.0645,"2014-12-17 17:00:00","2014-12-18 23:00:00",30,1
5710300,418,11,11,0.0263,8,3.88,0.2581,"2014-12-18 15:00:00","2014-12-18 23:00:00",8,0
5719706,3,1,1,0.3333,1,31.00,0.0323,"2014-12-16 19:00:00","2014-12-18 23:00:00",52,2
5740730,787,7,7,0.0089,3,10.33,0.0968,"2014-12-13 19:00:00","2014-12-18 23:00:00",124,5
5778458,1921,1,1,0.0005,1,31.00,0.0323,"2014-12-07 23:00:00","2014-12-18 23:00:00",264,11
5786548,436,2,2,0.0046,2,15.50,0.0645,"2014-12-08 21:00:00","2014-12-18 23:00:00",242,10
5786807,1176,11,11,0.0094,7,4.43,0.2258,"2014-12-17 13:00:00","2014-12-18 23:00:00",34,1
5798831,337,3,3,0.0089,2,15.50,0.0645,"2014-12-18 18:00:00","2014-12-18 23:00:00",5,0
5803579,73,1,1,0.0137,1,31.00,0.0323,"2014-11-24 18:00:00","2014-12-18 23:00:00",581,24
5837961,3941,13,11,0.0033,6,5.17,0.1935,"2014-12-17 22:00:00","2014-12-18 23:00:00",25,1
5838287,533,5,5,0.0094,5,6.20,0.1613,"2014-12-18 21:00:00","2014-12-18 23:00:00",2,0
5860001,3587,12,12,0.0033,5,6.20,0.1613,"2014-12-14 19:00:00","2014-12-18 23:00:00",100,4
5865371,666,17,12,0.0255,8,3.88,0.2581,"2014-12-12 17:00:00","2014-12-18 23:00:00",150,6
5875750,1665,5,5,0.0030,3,10.33,0.0968,"2014-12-08 14:00:00","2014-12-18 23:00:00",249,10
5938241,4424,35,32,0.0079,13,2.38,0.4194,"2014-12-18 23:00:00","2014-12-18 23:00:00",0,0
5942869,1435,9,8,0.0063,5,6.20,0.1613,"2014-12-12 00:00:00","2014-12-18 23:00:00",167,6
5950556,3077,24,21,0.0078,16,1.94,0.5161,"2014-12-18 09:00:00","2014-12-18 23:00:00",14,0
6014239,539,0,0,0.0000,0,NULL,0.0000,NULL,"2014-12-18 23:00:00",NULL,NULL
6015031,1985,3,3,0.0015,3,10.33,0.0968,"2014-12-13 14:00:00","2014-12-18 23:00:00",129,5
6018416,1630,11,10,0.0067,6,5.17,0.1935,"2014-12-12 15:00:00","2014-12-18 23:00:00",152,6
6038861,508,0,0,0.0000,0,NULL,0.0000,NULL,"2014-12-18 23:00:00",NULL,NULL
6049053,2303,9,8,0.0039,6,5.17,0.1935,"2014-12-14 15:00:00","2014-12-18 23:00:00",104,4
6062947,378,4,3,0.0106,2,15.50,0.0645,"2014-12-18 10:00:00","2014-12-18 23:00:00",13,0
6064746,978,5,5,0.0051,5,6.20,0.1613,"2014-12-17 22:00:00","2014-12-18 23:00:00",25,1
6068352,362,2,2,0.0055,2,15.50,0.0645,"2014-12-14 19:00:00","2014-12-18 23:00:00",100,4
6071666,713,4,4,0.0056,3,10.33,0.0968,"2014-12-16 16:00:00","2014-12-18 23:00:00",55,2
6079735,666,23,22,0.0345,7,4.43,0.2258,"2014-12-18 19:00:00","2014-12-18 23:00:00",4,0
6101177,6097,33,29,0.0054,15,2.07,0.4839,"2014-12-16 14:00:00","2014-12-18 23:00:00",57,2
6142132,38,2,2,0.0526,2,15.50,0.0645,"2014-12-12 14:00:00","2014-12-18 23:00:00",153,6
6146353,989,8,6,0.0081,4,7.75,0.1290,"2014-12-04 14:00:00","2014-12-18 23:00:00",345,14
6163885,598,1,1,0.0017,1,31.00,0.0323,"2014-11-25 18:00:00","2014-12-18 23:00:00",557,23
6177572,1642,1,1,0.0006,1,31.00,0.0323,"2014-12-18 23:00:00","2014-12-18 23:00:00",0,0
6212208,1726,6,6,0.0035,4,7.75,0.1290,"2014-12-14 21:00:00","2014-12-18 23:00:00",98,4
6222588,2125,47,38,0.0221,19,1.63,0.6129,"2014-12-18 15:00:00","2014-12-18 23:00:00",8,0
6228124,514,17,17,0.0331,9,3.44,0.2903,"2014-12-18 21:00:00","2014-12-18 23:00:00",2,0
6230291,1117,10,9,0.0090,2,15.50,0.0645,"2014-12-09 23:00:00","2014-12-18 23:00:00",216,9
6235300,329,8,8,0.0243,7,4.43,0.2258,"2014-12-16 14:00:00","2014-12-18 23:00:00",57,2
6236717,395,2,2,0.0051,2,15.50,0.0645,"2014-12-12 21:00:00","2014-12-18 23:00:00",146,6
6243406,288,2,2,0.0069,2,15.50,0.0645,"2014-12-17 09:00:00","2014-12-18 23:00:00",38,1
6247427,798,0,0,0.0000,0,NULL,0.0000,NULL,"2014-12-18 23:00:00",NULL,NULL
6274948,387,7,7,0.0181,3,10.33,0.0968,"2014-12-14 20:00:00","2014-12-18 23:00:00",99,4
6287853,44,0,0,0.0000,0,NULL,0.0000,NULL,"2014-12-18 23:00:00",NULL,NULL
6303684,872,14,14,0.0161,11,2.82,0.3548,"2014-12-15 23:00:00","2014-12-18 23:00:00",72,3
6317562,1287,14,12,0.0109,6,5.17,0.1935,"2014-12-08 20:00:00","2014-12-18 23:00:00",243,10
6336158,231,6,6,0.0260,1,31.00,0.0323,"2014-12-16 18:00:00","2014-12-18 23:00:00",53,2
6336487,1725,38,29,0.0220,10,3.10,0.3226,"2014-12-16 21:00:00","2014-12-18 23:00:00",50,2
6345483,8983,5,5,0.0006,5,6.20,0.1613,"2014-12-12 00:00:00","2014-12-18 23:00:00",167,6
6346697,547,3,3,0.0055,2,15.50,0.0645,"2014-12-18 23:00:00","2014-12-18 23:00:00",0,0
6347508,537,11,11,0.0205,6,5.17,0.1935,"2014-12-18 10:00:00","2014-12-18 23:00:00",13,0
6371563,672,0,0,0.0000,0,NULL,0.0000,NULL,"2014-12-18 23:00:00",NULL,NULL
6375695,817,8,8,0.0098,6,5.17,0.1935,"2014-12-16 23:00:00","2014-12-18 23:00:00",48,2
6392284,27,1,1,0.0370,1,31.00,0.0323,"2014-12-04 11:00:00","2014-12-18 23:00:00",348,14
6419226,198,5,5,0.0253,3,10.33,0.0968,"2014-12-11 20:00:00","2014-12-18 23:00:00",171,7
6435793,2550,1,1,0.0004,1,31.00,0.0323,"2014-12-02 15:00:00","2014-12-18 23:00:00",392,16
6437749,1577,13,9,0.0082,8,3.88,0.2581,"2014-12-16 09:00:00","2014-12-18 23:00:00",62,2
6438366,79,0,0,0.0000,0,NULL,0.0000,NULL,"2014-12-18 23:00:00",NULL,NULL
6442389,624,4,4,0.0064,3,10.33,0.0968,"2014-12-18 14:00:00","2014-12-18 23:00:00",9,0
6443596,2640,16,15,0.0061,6,5.17,0.1935,"2014-12-14 18:00:00","2014-12-18 23:00:00",101,4
6452476,2362,20,16,0.0085,9,3.44,0.2903,"2014-12-15 22:00:00","2014-12-18 23:00:00",73,3
6478780,1786,17,13,0.0095,3,10.33,0.0968,"2014-12-10 03:00:00","2014-12-18 23:00:00",212,8
6500341,500,13,11,0.0260,5,6.20,0.1613,"2014-12-11 16:00:00","2014-12-18 23:00:00",175,7
6504113,1897,50,44,0.0264,9,3.44,0.2903,"2014-12-17 18:00:00","2014-12-18 23:00:00",29,1
6516360,839,21,14,0.0250,8,3.88,0.2581,"2014-12-12 20:00:00","2014-12-18 23:00:00",147,6
6516985,365,3,2,0.0082,2,15.50,0.0645,"2014-12-12 14:00:00","2014-12-18 23:00:00",153,6
6556740,1168,8,8,0.0068,4,7.75,0.1290,"2014-12-16 20:00:00","2014-12-18 23:00:00",51,2
6566040,151,8,8,0.0530,7,4.43,0.2258,"2014-12-14 21:00:00","2014-12-18 23:00:00",98,4
6582864,720,35,32,0.0486,8,3.88,0.2581,"2014-12-17 11:00:00","2014-12-18 23:00:00",36,1
6596569,537,1,1,0.0019,1,31.00,0.0323,"2014-11-18 21:00:00","2014-12-18 23:00:00",722,30
6598755,183,3,3,0.0164,3,10.33,0.0968,"2014-11-28 19:00:00","2014-12-18 23:00:00",484,20
6640205,520,13,11,0.0250,6,5.17,0.1935,"2014-12-18 22:00:00","2014-12-18 23:00:00",1,0
6643814,404,8,8,0.0198,3,10.33,0.0968,"2014-12-15 14:00:00","2014-12-18 23:00:00",81,3
6685234,1319,6,5,0.0045,4,7.75,0.1290,"2014-12-09 18:00:00","2014-12-18 23:00:00",221,9
6722083,984,11,9,0.0112,8,3.88,0.2581,"2014-12-17 12:00:00","2014-12-18 23:00:00",35,1
6723204,227,3,3,0.0132,3,10.33,0.0968,"2014-12-13 23:00:00","2014-12-18 23:00:00",120,5
6734365,262,6,6,0.0229,2,15.50,0.0645,"2014-12-13 22:00:00","2014-12-18 23:00:00",121,5
6769671,100,0,0,0.0000,0,NULL,0.0000,NULL,"2014-12-18 23:00:00",NULL,NULL
6776778,795,22,15,0.0277,7,4.43,0.2258,"2014-12-16 10:00:00","2014-12-18 23:00:00",61,2
6799716,316,3,3,0.0095,3,10.33,0.0968,"2014-12-18 16:00:00","2014-12-18 23:00:00",7,0
6812814,279,2,2,0.0072,2,15.50,0.0645,"2014-12-07 14:00:00","2014-12-18 23:00:00",273,11
6814789,3218,35,27,0.0109,14,2.21,0.4516,"2014-12-12 06:00:00","2014-12-18 23:00:00",161,6
6847334,546,3,2,0.0055,3,10.33,0.0968,"2014-12-12 15:00:00","2014-12-18 23:00:00",152,6
6861624,1673,3,3,0.0018,3,10.33,0.0968,"2014-12-16 10:00:00","2014-12-18 23:00:00",61,2
6884739,624,7,7,0.0112,6,5.17,0.1935,"2014-12-15 10:00:00","2014-12-18 23:00:00",85,3
6926678,2220,17,16,0.0077,11,2.82,0.3548,"2014-12-13 20:00:00","2014-12-18 23:00:00",123,5
6931133,252,4,2,0.0159,1,31.00,0.0323,"2014-12-14 16:00:00","2014-12-18 23:00:00",103,4
6957110,13,1,1,0.0769,1,31.00,0.0323,"2014-12-14 22:00:00","2014-12-18 23:00:00",97,4
6966107,351,4,4,0.0114,2,15.50,0.0645,"2014-12-12 22:00:00","2014-12-18 23:00:00",145,6
6997005,1501,43,39,0.0286,14,2.21,0.4516,"2014-12-18 09:00:00","2014-12-18 23:00:00",14,0
7011544,1014,11,8,0.0108,6,5.17,0.1935,"2014-12-18 22:00:00","2014-12-18 23:00:00",1,0
7012275,94,2,2,0.0213,2,15.50,0.0645,"2014-12-10 06:00:00","2014-12-18 23:00:00",209,8
7018172,113,4,4,0.0354,1,31.00,0.0323,"2014-12-12 21:00:00","2014-12-18 23:00:00",146,6
7030262,1190,8,7,0.0067,5,6.20,0.1613,"2014-12-15 19:00:00","2014-12-18 23:00:00",76,3
7033860,278,0,0,0.0000,0,NULL,0.0000,NULL,"2014-12-18 23:00:00",NULL,NULL
7053874,451,4,4,0.0089,2,15.50,0.0645,"2014-12-12 23:00:00","2014-12-18 23:00:00",144,6
7055673,1784,24,23,0.0135,12,2.58,0.3871,"2014-12-17 19:00:00","2014-12-18 23:00:00",28,1
7072231,1088,6,4,0.0055,5,6.20,0.1613,"2014-12-13 22:00:00","2014-12-18 23:00:00",121,5
7089989,57,1,1,0.0175,1,31.00,0.0323,"2014-12-02 04:00:00","2014-12-18 23:00:00",403,16
7094594,1631,8,8,0.0049,5,6.20,0.1613,"2014-12-17 13:00:00","2014-12-18 23:00:00",34,1
7121453,596,8,8,0.0134,4,7.75,0.1290,"2014-12-15 18:00:00","2014-12-18 23:00:00",77,3
7129140,369,22,22,0.0596,13,2.38,0.4194,"2014-12-18 13:00:00","2014-12-18 23:00:00",10,0
7138866,1632,20,19,0.0123,7,4.43,0.2258,"2014-12-18 16:00:00","2014-12-18 23:00:00",7,0
7144740,2666,4,4,0.0015,2,15.50,0.0645,"2014-12-12 17:00:00","2014-12-18 23:00:00",150,6
7175674,1062,7,7,0.0066,5,6.20,0.1613,"2014-12-14 12:00:00","2014-12-18 23:00:00",107,4
7196391,1165,10,7,0.0086,3,10.33,0.0968,"2014-12-15 15:00:00","2014-12-18 23:00:00",80,3
7197108,1821,3,3,0.0016,3,10.33,0.0968,"2014-12-12 19:00:00","2014-12-18 23:00:00",148,6
7202772,1408,9,8,0.0064,5,6.20,0.1613,"2014-12-15 20:00:00","2014-12-18 23:00:00",75,3
7207480,1432,33,28,0.0230,5,6.20,0.1613,"2014-12-15 22:00:00","2014-12-18 23:00:00",73,3
7223825,524,5,5,0.0095,3,10.33,0.0968,"2014-12-02 12:00:00","2014-12-18 23:00:00",395,16
7226947,1639,47,41,0.0287,4,7.75,0.1290,"2014-12-11 23:00:00","2014-12-18 23:00:00",168,7
7234861,17574,49,48,0.0028,15,2.07,0.4839,"2014-12-12 15:00:00","2014-12-18 23:00:00",152,6
7248646,1097,1,1,0.0009,1,31.00,0.0323,"2014-12-14 11:00:00","2014-12-18 23:00:00",108,4
7254306,908,19,16,0.0209,6,5.17,0.1935,"2014-12-10 12:00:00","2014-12-18 23:00:00",203,8
7267531,924,23,19,0.0249,10,3.10,0.3226,"2014-12-17 18:00:00","2014-12-18 23:00:00",29,1
7277182,865,11,9,0.0127,6,5.17,0.1935,"2014-12-18 11:00:00","2014-12-18 23:00:00",12,0
7288446,258,5,5,0.0194,3,10.33,0.0968,"2014-12-15 09:00:00","2014-12-18 23:00:00",86,3
7295557,3041,7,7,0.0023,6,5.17,0.1935,"2014-12-17 15:00:00","2014-12-18 23:00:00",32,1
7341876,1356,21,20,0.0155,10,3.10,0.3226,"2014-12-18 06:00:00","2014-12-18 23:00:00",17,0
7363107,313,28,24,0.0895,11,2.82,0.3548,"2014-12-14 08:00:00","2014-12-18 23:00:00",111,4
7365270,299,4,4,0.0134,3,10.33,0.0968,"2014-12-17 20:00:00","2014-12-18 23:00:00",27,1
7366396,1400,18,17,0.0129,8,3.88,0.2581,"2014-12-18 20:00:00","2014-12-18 23:00:00",3,0
7391440,783,16,14,0.0204,11,2.82,0.3548,"2014-12-18 17:00:00","2014-12-18 23:00:00",6,0
7397337,3455,22,15,0.0064,9,3.44,0.2903,"2014-12-18 10:00:00","2014-12-18 23:00:00",13,0
7409910,10,0,0,0.0000,0,NULL,0.0000,NULL,"2014-12-18 23:00:00",NULL,NULL
7427667,200,1,1,0.0050,1,31.00,0.0323,"2014-12-14 20:00:00","2014-12-18 23:00:00",99,4
7434912,593,0,0,0.0000,0,NULL,0.0000,NULL,"2014-12-18 23:00:00",NULL,NULL
7436994,1200,35,23,0.0292,7,4.43,0.2258,"2014-12-18 10:00:00","2014-12-18 23:00:00",13,0
7446574,822,4,4,0.0049,4,7.75,0.1290,"2014-12-12 13:00:00","2014-12-18 23:00:00",154,6
7470488,884,5,5,0.0057,5,6.20,0.1613,"2014-12-10 21:00:00","2014-12-18 23:00:00",194,8
7507359,183,1,1,0.0055,1,31.00,0.0323,"2014-11-20 21:00:00","2014-12-18 23:00:00",674,28
7538685,310,1,1,0.0032,1,31.00,0.0323,"2014-12-05 12:00:00","2014-12-18 23:00:00",323,13
7554598,361,1,1,0.0028,1,31.00,0.0323,"2014-12-06 17:00:00","2014-12-18 23:00:00",294,12
7560153,602,9,8,0.0150,6,5.17,0.1935,"2014-12-12 22:00:00","2014-12-18 23:00:00",145,6
7572838,176,0,0,0.0000,0,NULL,0.0000,NULL,"2014-12-18 23:00:00",NULL,NULL
7585996,4078,39,32,0.0096,13,2.38,0.4194,"2014-12-18 16:00:00","2014-12-18 23:00:00",7,0
7604354,234,8,6,0.0342,3,10.33,0.0968,"2014-12-10 21:00:00","2014-12-18 23:00:00",194,8
7606334,292,10,7,0.0342,7,4.43,0.2258,"2014-12-17 12:00:00","2014-12-18 23:00:00",35,1
7610653,610,21,20,0.0344,8,3.88,0.2581,"2014-12-18 09:00:00","2014-12-18 23:00:00",14,0
7612152,2463,8,8,0.0032,5,6.20,0.1613,"2014-12-16 12:00:00","2014-12-18 23:00:00",59,2
7623264,418,1,1,0.0024,1,31.00,0.0323,"2014-12-02 10:00:00","2014-12-18 23:00:00",397,16
7630304,3027,15,13,0.0050,11,2.82,0.3548,"2014-12-14 14:00:00","2014-12-18 23:00:00",105,4
7646195,464,12,12,0.0259,8,3.88,0.2581,"2014-12-16 14:00:00","2014-12-18 23:00:00",57,2
7647261,298,2,2,0.0067,1,31.00,0.0323,"2014-12-10 22:00:00","2014-12-18 23:00:00",193,8
7679270,871,18,17,0.0207,12,2.58,0.3871,"2014-12-17 19:00:00","2014-12-18 23:00:00",28,1
7713477,880,0,0,0.0000,0,NULL,0.0000,NULL,"2014-12-18 23:00:00",NULL,NULL
7723951,624,2,2,0.0032,2,15.50,0.0645,"2014-12-15 16:00:00","2014-12-18 23:00:00",79,3
7733967,206,6,6,0.0291,3,10.33,0.0968,"2014-12-11 08:00:00","2014-12-18 23:00:00",183,7
7761295,2380,13,13,0.0055,3,10.33,0.0968,"2014-11-27 14:00:00","2014-12-18 23:00:00",513,21
7766678,1199,7,7,0.0058,6,5.17,0.1935,"2014-12-13 19:00:00","2014-12-18 23:00:00",124,5
7774023,2966,16,15,0.0054,9,3.44,0.2903,"2014-12-17 16:00:00","2014-12-18 23:00:00",31,1
7780072,605,1,1,0.0017,1,31.00,0.0323,"2014-12-01 20:00:00","2014-12-18 23:00:00",411,17
7788241,1076,27,25,0.0251,13,2.38,0.4194,"2014-12-18 20:00:00","2014-12-18 23:00:00",3,0
7799018,1408,7,4,0.0050,4,7.75,0.1290,"2014-12-11 16:00:00","2014-12-18 23:00:00",175,7
7829997,471,7,7,0.0149,1,31.00,0.0323,"2014-11-24 03:00:00","2014-12-18 23:00:00",596,24
7843229,982,8,8,0.0081,4,7.75,0.1290,"2014-12-13 00:00:00","2014-12-18 23:00:00",143,5
7853740,1823,55,41,0.0302,17,1.82,0.5484,"2014-12-18 15:00:00","2014-12-18 23:00:00",8,0
7874812,332,5,4,0.0151,4,7.75,0.1290,"2014-12-13 17:00:00","2014-12-18 23:00:00",126,5
7881635,1770,4,4,0.0023,3,10.33,0.0968,"2014-12-08 20:00:00","2014-12-18 23:00:00",243,10
7892881,1945,44,35,0.0226,9,3.44,0.2903,"2014-12-18 16:00:00","2014-12-18 23:00:00",7,0
7915670,639,3,3,0.0047,2,15.50,0.0645,"2014-12-18 12:00:00","2014-12-18 23:00:00",11,0
7956207,1602,7,3,0.0044,3,10.33,0.0968,"2014-12-10 06:00:00","2014-12-18 23:00:00",209,8
7959667,432,19,11,0.0440,8,3.88,0.2581,"2014-12-15 20:00:00","2014-12-18 23:00:00",75,3
7970200,141,2,2,0.0142,2,15.50,0.0645,"2014-11-23 13:00:00","2014-12-18 23:00:00",610,25
8009008,1016,9,9,0.0089,8,3.88,0.2581,"2014-12-08 16:00:00","2014-12-18 23:00:00",247,10
8034995,383,0,0,0.0000,0,NULL,0.0000,NULL,"2014-12-18 23:00:00",NULL,NULL
8045744,2467,11,11,0.0045,4,7.75,0.1290,"2014-12-17 22:00:00","2014-12-18 23:00:00",25,1
8052951,1068,32,30,0.0300,7,4.43,0.2258,"2014-12-15 18:00:00","2014-12-18 23:00:00",77,3
8085465,139,0,0,0.0000,0,NULL,0.0000,NULL,"2014-12-18 23:00:00",NULL,NULL
8119848,1208,37,9,0.0306,4,7.75,0.1290,"2014-12-08 08:00:00","2014-12-18 23:00:00",255,10
8197937,3204,35,28,0.0109,6,5.17,0.1935,"2014-12-12 13:00:00","2014-12-18 23:00:00",154,6
8205078,3598,24,22,0.0067,5,6.20,0.1613,"2014-12-03 17:00:00","2014-12-18 23:00:00",366,15
8213864,2980,60,45,0.0201,12,2.58,0.3871,"2014-12-17 13:00:00","2014-12-18 23:00:00",34,1
8217647,2231,16,16,0.0072,12,2.58,0.3871,"2014-12-17 14:00:00","2014-12-18 23:00:00",33,1
8231529,1288,23,19,0.0179,9,3.44,0.2903,"2014-12-18 20:00:00","2014-12-18 23:00:00",3,0
8240912,1695,15,15,0.0088,10,3.10,0.3226,"2014-12-17 19:00:00","2014-12-18 23:00:00",28,1
8249269,3718,11,11,0.0030,10,3.10,0.3226,"2014-12-14 11:00:00","2014-12-18 23:00:00",108,4
8311653,398,2,2,0.0050,2,15.50,0.0645,"2014-12-13 22:00:00","2014-12-18 23:00:00",121,5
8319301,72,0,0,0.0000,0,NULL,0.0000,NULL,"2014-12-18 23:00:00",NULL,NULL
8325510,6849,11,11,0.0016,9,3.44,0.2903,"2014-12-16 12:00:00","2014-12-18 23:00:00",59,2
8337357,804,11,11,0.0137,7,4.43,0.2258,"2014-12-18 14:00:00","2014-12-18 23:00:00",9,0
8350359,2853,5,5,0.0018,2,15.50,0.0645,"2014-12-06 21:00:00","2014-12-18 23:00:00",290,12
8354126,5208,4,4,0.0008,3,10.33,0.0968,"2014-12-14 15:00:00","2014-12-18 23:00:00",104,4
8359310,1043,4,3,0.0038,4,7.75,0.1290,"2014-12-15 16:00:00","2014-12-18 23:00:00",79,3
8362294,205,11,11,0.0537,5,6.20,0.1613,"2014-12-12 14:00:00","2014-12-18 23:00:00",153,6
8370322,1332,18,18,0.0135,13,2.38,0.4194,"2014-12-11 17:00:00","2014-12-18 23:00:00",174,7
8376762,20,0,0,0.0000,0,NULL,0.0000,NULL,"2014-12-18 23:00:00",NULL,NULL
8382449,2661,33,30,0.0124,12,2.58,0.3871,"2014-12-18 17:00:00","2014-12-18 23:00:00",6,0
8388321,320,9,9,0.0281,2,15.50,0.0645,"2014-12-12 18:00:00","2014-12-18 23:00:00",149,6
8397935,963,4,4,0.0042,4,7.75,0.1290,"2014-12-16 15:00:00","2014-12-18 23:00:00",56,2
8400761,16,0,0,0.0000,0,NULL,0.0000,NULL,"2014-12-18 23:00:00",NULL,NULL
8406569,853,10,10,0.0117,5,6.20,0.1613,"2014-12-12 02:00:00","2014-12-18 23:00:00",165,6
8413012,135,4,4,0.0296,2,15.50,0.0645,"2014-12-12 10:00:00","2014-12-18 23:00:00",157,6
8427578,169,3,2,0.0178,3,10.33,0.0968,"2014-12-14 14:00:00","2014-12-18 23:00:00",105,4
8439431,898,1,1,0.0011,1,31.00,0.0323,"2014-12-16 10:00:00","2014-12-18 23:00:00",61,2
8440456,4426,8,7,0.0018,7,4.43,0.2258,"2014-12-12 13:00:00","2014-12-18 23:00:00",154,6
8443684,3413,13,10,0.0038,7,4.43,0.2258,"2014-12-18 23:00:00","2014-12-18 23:00:00",0,0
8445368,463,9,7,0.0194,7,4.43,0.2258,"2014-12-16 15:00:00","2014-12-18 23:00:00",56,2
8446375,118,5,5,0.0424,5,6.20,0.1613,"2014-12-13 12:00:00","2014-12-18 23:00:00",131,5
8452470,474,14,11,0.0295,6,5.17,0.1935,"2014-12-18 09:00:00","2014-12-18 23:00:00",14,0
8455780,619,9,8,0.0145,5,6.20,0.1613,"2014-12-09 17:00:00","2014-12-18 23:00:00",222,9
8499333,1463,10,8,0.0068,4,7.75,0.1290,"2014-12-15 19:00:00","2014-12-18 23:00:00",76,3
8499885,949,27,26,0.0285,8,3.88,0.2581,"2014-12-11 15:00:00","2014-12-18 23:00:00",176,7
8509077,38,2,2,0.0526,2,15.50,0.0645,"2014-12-03 17:00:00","2014-12-18 23:00:00",366,15
8544418,264,0,0,0.0000,0,NULL,0.0000,NULL,"2014-12-18 23:00:00",NULL,NULL
8581353,904,10,7,0.0111,6,5.17,0.1935,"2014-12-12 07:00:00","2014-12-18 23:00:00",160,6
8596951,5414,37,29,0.0068,14,2.21,0.4516,"2014-12-17 15:00:00","2014-12-18 23:00:00",32,1
8679255,1941,72,58,0.0371,13,2.38,0.4194,"2014-12-06 23:00:00","2014-12-18 23:00:00",288,12
8686191,1936,13,13,0.0067,7,4.43,0.2258,"2014-12-15 21:00:00","2014-12-18 23:00:00",74,3
8688021,482,14,10,0.0290,5,6.20,0.1613,"2014-12-17 14:00:00","2014-12-18 23:00:00",33,1
8692489,212,3,3,0.0142,3,10.33,0.0968,"2014-12-15 15:00:00","2014-12-18 23:00:00",80,3
8695857,2128,0,0,0.0000,0,NULL,0.0000,NULL,"2014-12-18 23:00:00",NULL,NULL
8702919,3515,33,30,0.0094,10,3.10,0.3226,"2014-12-15 10:00:00","2014-12-18 23:00:00",85,3
8747297,97,4,3,0.0412,3,10.33,0.0968,"2014-12-12 01:00:00","2014-12-18 23:00:00",166,6
8750098,345,10,9,0.0290,6,5.17,0.1935,"2014-12-18 15:00:00","2014-12-18 23:00:00",8,0
8764314,594,28,24,0.0471,8,3.88,0.2581,"2014-12-11 21:00:00","2014-12-18 23:00:00",170,7
8784082,326,12,10,0.0368,5,6.20,0.1613,"2014-12-15 20:00:00","2014-12-18 23:00:00",75,3
8785103,62,0,0,0.0000,0,NULL,0.0000,NULL,"2014-12-18 23:00:00",NULL,NULL
8801409,2254,13,13,0.0058,7,4.43,0.2258,"2014-12-17 12:00:00","2014-12-18 23:00:00",35,1
8820897,1075,14,12,0.0130,6,5.17,0.1935,"2014-12-18 12:00:00","2014-12-18 23:00:00",11,0
8823134,223,1,1,0.0045,1,31.00,0.0323,"2014-11-20 22:00:00","2014-12-18 23:00:00",673,28
8832025,631,2,1,0.0032,1,31.00,0.0323,"2014-11-22 11:00:00","2014-12-18 23:00:00",636,26
8847877,2089,25,21,0.0120,12,2.58,0.3871,"2014-12-17 17:00:00","2014-12-18 23:00:00",30,1
8856141,403,5,5,0.0124,5,6.20,0.1613,"2014-12-18 10:00:00","2014-12-18 23:00:00",13,0
8863153,155,4,4,0.0258,3,10.33,0.0968,"2014-12-17 12:00:00","2014-12-18 23:00:00",35,1
8886191,6534,38,27,0.0058,12,2.58,0.3871,"2014-12-16 10:00:00","2014-12-18 23:00:00",61,2
8909639,339,11,7,0.0324,4,7.75,0.1290,"2014-12-06 09:00:00","2014-12-18 23:00:00",302,12
8913893,1719,25,22,0.0145,7,4.43,0.2258,"2014-12-18 20:00:00","2014-12-18 23:00:00",3,0
8915107,2734,31,31,0.0113,7,4.43,0.2258,"2014-12-16 11:00:00","2014-12-18 23:00:00",60,2
8917150,3535,26,19,0.0074,13,2.38,0.4194,"2014-12-18 10:00:00","2014-12-18 23:00:00",13,0
8971089,170,0,0,0.0000,0,NULL,0.0000,NULL,"2014-12-18 23:00:00",NULL,NULL
8973625,769,6,6,0.0078,3,10.33,0.0968,"2014-12-15 11:00:00","2014-12-18 23:00:00",84,3
8977686,756,0,0,0.0000,0,NULL,0.0000,NULL,"2014-12-18 23:00:00",NULL,NULL
9032548,525,2,2,0.0038,2,15.50,0.0645,"2014-11-27 13:00:00","2014-12-18 23:00:00",514,21
9056309,896,6,5,0.0067,2,15.50,0.0645,"2014-12-16 17:00:00","2014-12-18 23:00:00",54,2
9065398,217,1,1,0.0046,1,31.00,0.0323,"2014-12-04 11:00:00","2014-12-18 23:00:00",348,14
9087115,346,3,3,0.0087,3,10.33,0.0968,"2014-12-04 11:00:00","2014-12-18 23:00:00",348,14
9090200,1209,4,4,0.0033,2,15.50,0.0645,"2014-12-05 20:00:00","2014-12-18 23:00:00",315,13
9092898,966,11,9,0.0114,9,3.44,0.2903,"2014-12-17 16:00:00","2014-12-18 23:00:00",31,1
9138659,1854,5,5,0.0027,3,10.33,0.0968,"2014-12-11 12:00:00","2014-12-18 23:00:00",179,7
9144935,497,8,6,0.0161,4,7.75,0.1290,"2014-12-17 13:00:00","2014-12-18 23:00:00",34,1
9149930,1552,13,13,0.0084,5,6.20,0.1613,"2014-12-15 13:00:00","2014-12-18 23:00:00",82,3
9150141,120,1,1,0.0083,1,31.00,0.0323,"2014-12-12 11:00:00","2014-12-18 23:00:00",156,6
9163753,167,0,0,0.0000,0,NULL,0.0000,NULL,"2014-12-18 23:00:00",NULL,NULL
9171135,812,5,5,0.0062,4,7.75,0.1290,"2014-12-07 14:00:00","2014-12-18 23:00:00",273,11
9180621,1258,15,12,0.0119,4,7.75,0.1290,"2014-12-17 12:00:00","2014-12-18 23:00:00",35,1
9184855,351,14,12,0.0399,2,15.50,0.0645,"2014-12-18 18:00:00","2014-12-18 23:00:00",5,0
9194303,1561,31,27,0.0199,10,3.10,0.3226,"2014-12-07 20:00:00","2014-12-18 23:00:00",267,11
9215982,460,1,1,0.0022,1,31.00,0.0323,"2014-12-07 22:00:00","2014-12-18 23:00:00",265,11
9219164,3919,48,39,0.0122,10,3.10,0.3226,"2014-12-12 22:00:00","2014-12-18 23:00:00",145,6
9225110,2798,11,10,0.0039,6,5.17,0.1935,"2014-12-17 15:00:00","2014-12-18 23:00:00",32,1
9238232,35,2,2,0.0571,2,15.50,0.0645,"2014-11-26 18:00:00","2014-12-18 23:00:00",533,22
9260930,12,1,1,0.0833,1,31.00,0.0323,"2014-11-22 13:00:00","2014-12-18 23:00:00",634,26
9268397,869,14,14,0.0161,3,10.33,0.0968,"2014-12-14 10:00:00","2014-12-18 23:00:00",109,4
9268980,158,0,0,0.0000,0,NULL,0.0000,NULL,"2014-12-18 23:00:00",NULL,NULL
9290733,3315,43,37,0.0130,13,2.38,0.4194,"2014-12-16 20:00:00","2014-12-18 23:00:00",51,2
9299440,48,7,7,0.1458,1,31.00,0.0323,"2014-12-03 10:00:00","2014-12-18 23:00:00",373,15
9310791,371,9,9,0.0243,8,3.88,0.2581,"2014-12-17 06:00:00","2014-12-18 23:00:00",41,1
9328686,653,3,3,0.0046,2,15.50,0.0645,"2014-12-15 22:00:00","2014-12-18 23:00:00",73,3
9357811,1013,0,0,0.0000,0,NULL,0.0000,NULL,"2014-12-18 23:00:00",NULL,NULL
9365986,27,0,0,0.0000,0,NULL,0.0000,NULL,"2014-12-18 23:00:00",NULL,NULL
9367616,721,7,7,0.0097,5,6.20,0.1613,"2014-12-07 20:00:00","2014-12-18 23:00:00",267,11
9371856,1347,15,13,0.0111,9,3.44,0.2903,"2014-12-17 21:00:00","2014-12-18 23:00:00",26,1
9375305,139,0,0,0.0000,0,NULL,0.0000,NULL,"2014-12-18 23:00:00",NULL,NULL
9380791,69,0,0,0.0000,0,NULL,0.0000,NULL,"2014-12-18 23:00:00",NULL,NULL
9384380,1188,2,2,0.0017,1,31.00,0.0323,"2014-12-14 11:00:00","2014-12-18 23:00:00",108,4
9388372,1808,12,12,0.0066,6,5.17,0.1935,"2014-12-07 08:00:00","2014-12-18 23:00:00",279,11
9413973,128,1,1,0.0078,1,31.00,0.0323,"2014-11-20 18:00:00","2014-12-18 23:00:00",677,28
9435211,470,0,0,0.0000,0,NULL,0.0000,NULL,"2014-12-18 23:00:00",NULL,NULL
9451374,3719,13,13,0.0035,11,2.82,0.3548,"2014-12-18 18:00:00","2014-12-18 23:00:00",5,0
9457887,1147,2,2,0.0017,2,15.50,0.0645,"2014-12-12 09:00:00","2014-12-18 23:00:00",158,6
9465624,435,0,0,0.0000,0,NULL,0.0000,NULL,"2014-12-18 23:00:00",NULL,NULL
9480832,37,1,1,0.0270,1,31.00,0.0323,"2014-12-11 18:00:00","2014-12-18 23:00:00",173,7
9487538,177,5,5,0.0282,3,10.33,0.0968,"2014-12-16 18:00:00","2014-12-18 23:00:00",53,2
9500401,3944,76,69,0.0193,4,7.75,0.1290,"2014-12-11 16:00:00","2014-12-18 23:00:00",175,7
9524175,3803,12,12,0.0032,7,4.43,0.2258,"2014-12-17 22:00:00","2014-12-18 23:00:00",25,1
9528671,2405,28,23,0.0116,10,3.10,0.3226,"2014-12-17 13:00:00","2014-12-18 23:00:00",34,1
9551296,1750,12,12,0.0069,6,5.17,0.1935,"2014-12-12 23:00:00","2014-12-18 23:00:00",144,6
9556056,753,10,8,0.0133,4,7.75,0.1290,"2014-12-12 17:00:00","2014-12-18 23:00:00",150,6
9560592,911,18,14,0.0198,8,3.88,0.2581,"2014-12-13 22:00:00","2014-12-18 23:00:00",121,5
9573620,2004,15,13,0.0075,4,7.75,0.1290,"2014-12-09 16:00:00","2014-12-18 23:00:00",223,9
9601609,481,4,4,0.0083,2,15.50,0.0645,"2014-11-23 08:00:00","2014-12-18 23:00:00",615,25
9639120,6150,30,27,0.0049,12,2.58,0.3871,"2014-12-18 19:00:00","2014-12-18 23:00:00",4,0
9648147,551,1,1,0.0018,1,31.00,0.0323,"2014-11-24 17:00:00","2014-12-18 23:00:00",582,24
9652974,429,5,5,0.0117,4,7.75,0.1290,"2014-12-07 19:00:00","2014-12-18 23:00:00",268,11
9660384,2041,17,13,0.0083,7,4.43,0.2258,"2014-12-08 17:00:00","2014-12-18 23:00:00",246,10
9661335,782,6,6,0.0077,6,5.17,0.1935,"2014-12-14 00:00:00","2014-12-18 23:00:00",119,4
9664816,838,1,1,0.0012,1,31.00,0.0323,"2014-11-27 11:00:00","2014-12-18 23:00:00",516,21
9686681,208,3,1,0.0144,1,31.00,0.0323,"2014-11-24 00:00:00","2014-12-18 23:00:00",599,24
9695904,1331,32,30,0.0240,15,2.07,0.4839,"2014-12-18 14:00:00","2014-12-18 23:00:00",9,0
9710339,1598,58,47,0.0363,9,3.44,0.2903,"2014-12-16 10:00:00","2014-12-18 23:00:00",61,2
9723930,16,1,1,0.0625,1,31.00,0.0323,"2014-12-12 08:00:00","2014-12-18 23:00:00",159,6
9746937,1931,6,6,0.0031,2,15.50,0.0645,"2014-12-18 17:00:00","2014-12-18 23:00:00",6,0
9774692,4319,39,33,0.0090,10,3.10,0.3226,"2014-12-18 17:00:00","2014-12-18 23:00:00",6,0
9784313,618,7,7,0.0113,3,10.33,0.0968,"2014-12-12 08:00:00","2014-12-18 23:00:00",159,6
9790596,575,10,8,0.0174,5,6.20,0.1613,"2014-12-16 20:00:00","2014-12-18 23:00:00",51,2
9797520,469,4,4,0.0085,3,10.33,0.0968,"2014-12-16 14:00:00","2014-12-18 23:00:00",57,2
9821001,106,2,2,0.0189,2,15.50,0.0645,"2014-12-11 22:00:00","2014-12-18 23:00:00",169,7
9829940,794,0,0,0.0000,0,NULL,0.0000,NULL,"2014-12-18 23:00:00",NULL,NULL
9835014,1117,2,2,0.0018,2,15.50,0.0645,"2014-12-08 23:00:00","2014-12-18 23:00:00",240,10
9860181,498,6,6,0.0120,4,7.75,0.1290,"2014-12-18 17:00:00","2014-12-18 23:00:00",6,0
9862954,768,1,1,0.0013,1,31.00,0.0323,"2014-11-30 10:00:00","2014-12-18 23:00:00",445,18
9863416,1919,13,13,0.0068,4,7.75,0.1290,"2014-12-16 12:00:00","2014-12-18 23:00:00",59,2
9868602,2375,3,3,0.0013,2,15.50,0.0645,"2014-12-18 21:00:00","2014-12-18 23:00:00",2,0
9886065,1890,44,43,0.0233,12,2.58,0.3871,"2014-12-18 13:00:00","2014-12-18 23:00:00",10,0
9890683,397,3,3,0.0076,2,15.50,0.0645,"2014-12-14 20:00:00","2014-12-18 23:00:00",99,4
9899625,457,0,0,0.0000,0,NULL,0.0000,NULL,"2014-12-18 23:00:00",NULL,NULL
9900390,923,8,6,0.0087,5,6.20,0.1613,"2014-12-18 22:00:00","2014-12-18 23:00:00",1,0
9938666,10,1,1,0.1000,1,31.00,0.0323,"2014-11-30 01:00:00","2014-12-18 23:00:00",454,18
9996155,657,6,4,0.0091,3,10.33,0.0968,"2014-12-07 21:00:00","2014-12-18 23:00:00",266,11
10004287,1687,14,13,0.0083,3,10.33,0.0968,"2014-11-30 14:00:00","2014-12-18 23:00:00",441,18
10020755,3788,5,5,0.0013,3,10.33,0.0968,"2014-12-13 21:00:00","2014-12-18 23:00:00",122,5
10026124,4530,17,16,0.0038,5,6.20,0.1613,"2014-12-16 19:00:00","2014-12-18 23:00:00",52,2
10027039,1404,7,6,0.0050,4,7.75,0.1290,"2014-12-10 12:00:00","2014-12-18 23:00:00",203,8
10031393,794,2,2,0.0025,2,15.50,0.0645,"2014-12-10 06:00:00","2014-12-18 23:00:00",209,8
10045419,854,0,0,0.0000,0,NULL,0.0000,NULL,"2014-12-18 23:00:00",NULL,NULL
10064430,857,2,1,0.0023,1,31.00,0.0323,"2014-11-29 15:00:00","2014-12-18 23:00:00",464,19
10068052,1031,4,4,0.0039,3,10.33,0.0968,"2014-12-10 20:00:00","2014-12-18 23:00:00",195,8
10075065,405,1,1,0.0025,1,31.00,0.0323,"2014-12-18 22:00:00","2014-12-18 23:00:00",1,0
10076850,1852,0,0,0.0000,0,NULL,0.0000,NULL,"2014-12-18 23:00:00",NULL,NULL
10120410,240,8,6,0.0333,3,10.33,0.0968,"2014-12-16 13:00:00","2014-12-18 23:00:00",58,2
10131505,370,1,1,0.0027,1,31.00,0.0323,"2014-11-19 21:00:00","2014-12-18 23:00:00",698,29
10141023,304,1,1,0.0033,1,31.00,0.0323,"2014-12-02 13:00:00","2014-12-18 23:00:00",394,16
10149605,1522,15,11,0.0099,7,4.43,0.2258,"2014-12-15 13:00:00","2014-12-18 23:00:00",82,3
10164041,140,1,1,0.0071,1,31.00,0.0323,"2014-12-04 17:00:00","2014-12-18 23:00:00",342,14
10184170,1009,18,17,0.0178,9,3.44,0.2903,"2014-12-18 08:00:00","2014-12-18 23:00:00",15,0
10187137,225,7,7,0.0311,4,7.75,0.1290,"2014-12-15 19:00:00","2014-12-18 23:00:00",76,3
10191206,772,15,13,0.0194,9,3.44,0.2903,"2014-12-17 13:00:00","2014-12-18 23:00:00",34,1
10211498,6331,18,16,0.0028,11,2.82,0.3548,"2014-12-12 00:00:00","2014-12-18 23:00:00",167,6
10218711,92,2,2,0.0217,2,15.50,0.0645,"2014-12-18 18:00:00","2014-12-18 23:00:00",5,0
10219075,956,11,9,0.0115,4,7.75,0.1290,"2014-12-07 12:00:00","2014-12-18 23:00:00",275,11
10265423,550,0,0,0.0000,0,NULL,0.0000,NULL,"2014-12-18 23:00:00",NULL,NULL
10292215,265,0,0,0.0000,0,NULL,0.0000,NULL,"2014-12-18 23:00:00",NULL,NULL
10297132,4172,65,49,0.0156,13,2.38,0.4194,"2014-12-12 21:00:00","2014-12-18 23:00:00",146,6
10303832,3077,38,36,0.0123,16,1.94,0.5161,"2014-12-18 20:00:00","2014-12-18 23:00:00",3,0
10309048,1515,2,2,0.0013,2,15.50,0.0645,"2014-12-06 22:00:00","2014-12-18 23:00:00",289,12
10319860,3976,40,39,0.0101,14,2.21,0.4516,"2014-12-17 11:00:00","2014-12-18 23:00:00",36,1
10335403,525,13,12,0.0248,5,6.20,0.1613,"2014-12-12 12:00:00","2014-12-18 23:00:00",155,6
10437655,2025,24,20,0.0119,13,2.38,0.4194,"2014-12-18 18:00:00","2014-12-18 23:00:00",5,0
10455102,1697,38,32,0.0224,15,2.07,0.4839,"2014-12-18 20:00:00","2014-12-18 23:00:00",3,0
10480818,671,17,7,0.0253,5,6.20,0.1613,"2014-12-14 17:00:00","2014-12-18 23:00:00",102,4
10480848,1554,2,2,0.0013,2,15.50,0.0645,"2014-12-18 18:00:00","2014-12-18 23:00:00",5,0
10495708,455,8,8,0.0176,4,7.75,0.1290,"2014-12-15 10:00:00","2014-12-18 23:00:00",85,3
10525504,138,1,1,0.0072,1,31.00,0.0323,"2014-12-18 07:00:00","2014-12-18 23:00:00",16,0
10535263,791,6,6,0.0076,4,7.75,0.1290,"2014-12-17 18:00:00","2014-12-18 23:00:00",29,1
10539406,2291,33,21,0.0144,8,3.88,0.2581,"2014-12-14 10:00:00","2014-12-18 23:00:00",109,4
10557490,14,0,0,0.0000,0,NULL,0.0000,NULL,"2014-12-18 23:00:00",NULL,NULL
10580879,361,1,1,0.0028,1,31.00,0.0323,"2014-12-04 12:00:00","2014-12-18 23:00:00",347,14
10630192,2882,19,17,0.0066,7,4.43,0.2258,"2014-12-17 22:00:00","2014-12-18 23:00:00",25,1
10640408,1253,2,2,0.0016,1,31.00,0.0323,"2014-12-06 14:00:00","2014-12-18 23:00:00",297,12
10653322,157,7,5,0.0446,3,10.33,0.0968,"2014-12-15 13:00:00","2014-12-18 23:00:00",82,3
10664884,356,4,4,0.0112,1,31.00,0.0323,"2014-12-16 15:00:00","2014-12-18 23:00:00",56,2
10678033,1269,4,4,0.0032,4,7.75,0.1290,"2014-12-08 14:00:00","2014-12-18 23:00:00",249,10
10705215,3424,51,48,0.0149,16,1.94,0.5161,"2014-12-18 11:00:00","2014-12-18 23:00:00",12,0
10706095,1655,13,12,0.0079,9,3.44,0.2903,"2014-12-17 17:00:00","2014-12-18 23:00:00",30,1
10746742,151,5,5,0.0331,3,10.33,0.0968,"2014-12-14 20:00:00","2014-12-18 23:00:00",99,4
10755564,703,9,9,0.0128,4,7.75,0.1290,"2014-12-12 17:00:00","2014-12-18 23:00:00",150,6
10761548,813,1,1,0.0012,1,31.00,0.0323,"2014-11-24 21:00:00","2014-12-18 23:00:00",578,24
10763896,1190,20,20,0.0168,13,2.38,0.4194,"2014-12-16 13:00:00","2014-12-18 23:00:00",58,2
10765825,1708,17,16,0.0100,9,3.44,0.2903,"2014-12-14 00:00:00","2014-12-18 23:00:00",119,4
10770527,1332,23,21,0.0173,9,3.44,0.2903,"2014-12-17 14:00:00","2014-12-18 23:00:00",33,1
10773940,2086,19,17,0.0091,7,4.43,0.2258,"2014-12-12 10:00:00","2014-12-18 23:00:00",157,6
10797721,403,1,1,0.0025,1,31.00,0.0323,"2014-11-18 21:00:00","2014-12-18 23:00:00",722,30
10815578,1206,12,10,0.0100,6,5.17,0.1935,"2014-12-12 17:00:00","2014-12-18 23:00:00",150,6
10825402,1053,13,13,0.0123,7,4.43,0.2258,"2014-12-15 21:00:00","2014-12-18 23:00:00",74,3
10833396,391,6,5,0.0153,5,6.20,0.1613,"2014-12-12 04:00:00","2014-12-18 23:00:00",163,6
10849427,184,1,1,0.0054,1,31.00,0.0323,"2014-11-28 13:00:00","2014-12-18 23:00:00",490,20
10856328,771,7,6,0.0091,5,6.20,0.1613,"2014-12-14 20:00:00","2014-12-18 23:00:00",99,4
10864414,3217,8,8,0.0025,6,5.17,0.1935,"2014-12-12 21:00:00","2014-12-18 23:00:00",146,6
10878250,1692,16,15,0.0095,7,4.43,0.2258,"2014-12-13 19:00:00","2014-12-18 23:00:00",124,5
10887844,1627,8,7,0.0049,5,6.20,0.1613,"2014-12-15 14:00:00","2014-12-18 23:00:00",81,3
10921017,2,0,0,0.0000,0,NULL,0.0000,NULL,"2014-12-18 23:00:00",NULL,NULL
10936698,2667,8,8,0.0030,5,6.20,0.1613,"2014-12-16 00:00:00","2014-12-18 23:00:00",71,2
10951366,31,0,0,0.0000,0,NULL,0.0000,NULL,"2014-12-18 23:00:00",NULL,NULL
10960939,509,13,10,0.0255,5,6.20,0.1613,"2014-12-18 06:00:00","2014-12-18 23:00:00",17,0
10970833,35,2,2,0.0571,2,15.50,0.0645,"2014-12-16 20:00:00","2014-12-18 23:00:00",51,2
10980798,1495,17,14,0.0114,8,3.88,0.2581,"2014-12-17 22:00:00","2014-12-18 23:00:00",25,1
10982501,5234,12,12,0.0023,8,3.88,0.2581,"2014-12-18 22:00:00","2014-12-18 23:00:00",1,0
10990641,956,9,8,0.0094,5,6.20,0.1613,"2014-12-16 14:00:00","2014-12-18 23:00:00",57,2
10994058,260,17,17,0.0654,8,3.88,0.2581,"2014-12-16 15:00:00","2014-12-18 23:00:00",56,2
11000891,217,2,2,0.0092,2,15.50,0.0645,"2014-11-23 14:00:00","2014-12-18 23:00:00",609,25
11007737,322,9,8,0.0280,5,6.20,0.1613,"2014-12-18 21:00:00","2014-12-18 23:00:00",2,0
11010595,115,2,2,0.0174,2,15.50,0.0645,"2014-12-11 15:00:00","2014-12-18 23:00:00",176,7
11027223,1103,18,15,0.0163,7,4.43,0.2258,"2014-12-16 12:00:00","2014-12-18 23:00:00",59,2
11035036,586,4,4,0.0068,3,10.33,0.0968,"2014-11-28 20:00:00","2014-12-18 23:00:00",483,20
11053843,1345,21,19,0.0156,12,2.58,0.3871,"2014-12-16 16:00:00","2014-12-18 23:00:00",55,2
11066851,866,7,6,0.0081,5,6.20,0.1613,"2014-12-13 23:00:00","2014-12-18 23:00:00",120,5
11083802,1194,4,4,0.0034,1,31.00,0.0323,"2014-12-12 11:00:00","2014-12-18 23:00:00",156,6
11087331,150,0,0,0.0000,0,NULL,0.0000,NULL,"2014-12-18 23:00:00",NULL,NULL
11089553,2026,9,7,0.0044,6,5.17,0.1935,"2014-12-18 21:00:00","2014-12-18 23:00:00",2,0
11106706,405,9,6,0.0222,4,7.75,0.1290,"2014-12-03 23:00:00","2014-12-18 23:00:00",360,15
11119577,979,7,6,0.0072,2,15.50,0.0645,"2014-12-15 21:00:00","2014-12-18 23:00:00",74,3
11141921,1721,29,23,0.0169,11,2.82,0.3548,"2014-12-17 17:00:00","2014-12-18 23:00:00",30,1
11142295,176,4,4,0.0227,4,7.75,0.1290,"2014-12-17 08:00:00","2014-12-18 23:00:00",39,1
11162300,1831,11,10,0.0060,8,3.88,0.2581,"2014-12-14 22:00:00","2014-12-18 23:00:00",97,4
11171971,1076,10,9,0.0093,4,7.75,0.1290,"2014-12-18 21:00:00","2014-12-18 23:00:00",2,0
11177007,263,5,5,0.0190,3,10.33,0.0968,"2014-12-06 17:00:00","2014-12-18 23:00:00",294,12
11183599,64,4,4,0.0625,3,10.33,0.0968,"2014-12-09 23:00:00","2014-12-18 23:00:00",216,9
11189891,301,3,2,0.0100,2,15.50,0.0645,"2014-12-01 21:00:00","2014-12-18 23:00:00",410,17
11197151,6438,34,28,0.0053,9,3.44,0.2903,"2014-12-18 18:00:00","2014-12-18 23:00:00",5,0
11208268,499,3,3,0.0060,2,15.50,0.0645,"2014-12-06 20:00:00","2014-12-18 23:00:00",291,12
11246070,619,6,5,0.0097,2,15.50,0.0645,"2014-11-20 22:00:00","2014-12-18 23:00:00",673,28
11257305,2295,43,32,0.0187,14,2.21,0.4516,"2014-12-14 06:00:00","2014-12-18 23:00:00",113,4
11268219,567,7,7,0.0123,6,5.17,0.1935,"2014-12-12 11:00:00","2014-12-18 23:00:00",156,6
11294250,29,0,0,0.0000,0,NULL,0.0000,NULL,"2014-12-18 23:00:00",NULL,NULL
11310078,123,4,4,0.0325,2,15.50,0.0645,"2014-12-12 13:00:00","2014-12-18 23:00:00",154,6
11313328,2179,35,31,0.0161,7,4.43,0.2258,"2014-12-16 12:00:00","2014-12-18 23:00:00",59,2
11346135,689,15,15,0.0218,3,10.33,0.0968,"2014-12-15 11:00:00","2014-12-18 23:00:00",84,3
11361547,9986,11,6,0.0011,4,7.75,0.1290,"2014-12-08 20:00:00","2014-12-18 23:00:00",243,10
11408482,118,5,4,0.0424,3,10.33,0.0968,"2014-12-17 11:00:00","2014-12-18 23:00:00",36,1
11412443,4392,28,26,0.0064,9,3.44,0.2903,"2014-12-17 14:00:00","2014-12-18 23:00:00",33,1
11414403,1012,5,5,0.0049,4,7.75,0.1290,"2014-12-16 19:00:00","2014-12-18 23:00:00",52,2
11415302,2597,14,12,0.0054,7,4.43,0.2258,"2014-12-16 16:00:00","2014-12-18 23:00:00",55,2
11427000,1519,35,30,0.0230,10,3.10,0.3226,"2014-12-18 18:00:00","2014-12-18 23:00:00",5,0
11431275,1810,12,10,0.0066,7,4.43,0.2258,"2014-12-14 15:00:00","2014-12-18 23:00:00",104,4
11459905,437,1,1,0.0023,1,31.00,0.0323,"2014-12-17 20:00:00","2014-12-18 23:00:00",27,1
11517935,1171,4,4,0.0034,4,7.75,0.1290,"2014-12-17 20:00:00","2014-12-18 23:00:00",27,1
11533001,510,2,2,0.0039,2,15.50,0.0645,"2014-12-15 10:00:00","2014-12-18 23:00:00",85,3
11545672,180,2,2,0.0111,2,15.50,0.0645,"2014-12-16 13:00:00","2014-12-18 23:00:00",58,2
11551181,2252,15,13,0.0067,9,3.44,0.2903,"2014-12-14 20:00:00","2014-12-18 23:00:00",99,4
11552428,1955,20,20,0.0102,5,6.20,0.1613,"2014-12-15 00:00:00","2014-12-18 23:00:00",95,3
11561834,874,5,4,0.0057,4,7.75,0.1290,"2014-12-14 13:00:00","2014-12-18 23:00:00",106,4
11580122,732,5,5,0.0068,4,7.75,0.1290,"2014-12-02 19:00:00","2014-12-18 23:00:00",388,16
11589162,797,16,15,0.0201,6,5.17,0.1935,"2014-12-12 14:00:00","2014-12-18 23:00:00",153,6
11595413,2553,11,10,0.0043,8,3.88,0.2581,"2014-12-17 14:00:00","2014-12-18 23:00:00",33,1
11612875,1009,9,9,0.0089,5,6.20,0.1613,"2014-12-18 11:00:00","2014-12-18 23:00:00",12,0
11618257,620,5,5,0.0081,3,10.33,0.0968,"2014-11-27 16:00:00","2014-12-18 23:00:00",511,21
11635792,100,0,0,0.0000,0,NULL,0.0000,NULL,"2014-12-18 23:00:00",NULL,NULL
11650719,1088,26,26,0.0239,8,3.88,0.2581,"2014-12-07 20:00:00","2014-12-18 23:00:00",267,11
11669469,452,6,6,0.0133,4,7.75,0.1290,"2014-12-12 00:00:00","2014-12-18 23:00:00",167,6
11680145,2533,0,0,0.0000,0,NULL,0.0000,NULL,"2014-12-18 23:00:00",NULL,NULL
11682531,3850,25,23,0.0065,10,3.10,0.3226,"2014-12-13 17:00:00","2014-12-18 23:00:00",126,5
11683492,3301,21,18,0.0064,6,5.17,0.1935,"2014-12-14 13:00:00","2014-12-18 23:00:00",106,4
11683605,353,4,4,0.0113,2,15.50,0.0645,"2014-11-24 21:00:00","2014-12-18 23:00:00",578,24
11689510,107,3,3,0.0280,3,10.33,0.0968,"2014-12-15 13:00:00","2014-12-18 23:00:00",82,3
11695398,375,1,1,0.0027,1,31.00,0.0323,"2014-11-21 16:00:00","2014-12-18 23:00:00",655,27
11719180,219,18,16,0.0822,4,7.75,0.1290,"2014-12-14 10:00:00","2014-12-18 23:00:00",109,4
11726782,365,6,6,0.0164,5,6.20,0.1613,"2014-12-18 09:00:00","2014-12-18 23:00:00",14,0
11731068,498,33,32,0.0663,9,3.44,0.2903,"2014-12-06 23:00:00","2014-12-18 23:00:00",288,12
11738621,696,0,0,0.0000,0,NULL,0.0000,NULL,"2014-12-18 23:00:00",NULL,NULL
11758356,3727,19,19,0.0051,5,6.20,0.1613,"2014-12-12 23:00:00","2014-12-18 23:00:00",144,6
11774110,1053,21,18,0.0199,10,3.10,0.3226,"2014-12-12 09:00:00","2014-12-18 23:00:00",158,6
11783149,582,2,2,0.0034,2,15.50,0.0645,"2014-11-27 18:00:00","2014-12-18 23:00:00",509,21
11790840,947,3,3,0.0032,2,15.50,0.0645,"2014-11-21 22:00:00","2014-12-18 23:00:00",649,27
11791459,1125,11,8,0.0098,7,4.43,0.2258,"2014-12-09 10:00:00","2014-12-18 23:00:00",229,9
11792254,1322,6,6,0.0045,2,15.50,0.0645,"2014-11-29 08:00:00","2014-12-18 23:00:00",471,19
11805206,1381,9,9,0.0065,5,6.20,0.1613,"2014-12-18 21:00:00","2014-12-18 23:00:00",2,0
11818955,457,3,3,0.0066,2,15.50,0.0645,"2014-12-12 10:00:00","2014-12-18 23:00:00",157,6
11827113,1045,0,0,0.0000,0,NULL,0.0000,NULL,"2014-12-18 23:00:00",NULL,NULL
11845036,123,3,3,0.0244,2,15.50,0.0645,"2014-11-19 20:00:00","2014-12-18 23:00:00",699,29
11879849,1219,12,12,0.0098,7,4.43,0.2258,"2014-12-17 10:00:00","2014-12-18 23:00:00",37,1
11889914,13,1,1,0.0769,1,31.00,0.0323,"2014-12-17 15:00:00","2014-12-18 23:00:00",32,1
11900716,51,3,2,0.0588,3,10.33,0.0968,"2014-12-16 16:00:00","2014-12-18 23:00:00",55,2
11904220,85,5,5,0.0588,3,10.33,0.0968,"2014-12-13 19:00:00","2014-12-18 23:00:00",124,5
11910007,3793,30,28,0.0079,10,3.10,0.3226,"2014-12-16 15:00:00","2014-12-18 23:00:00",56,2
11917811,771,16,13,0.0208,8,3.88,0.2581,"2014-12-16 21:00:00","2014-12-18 23:00:00",50,2
11944953,312,8,8,0.0256,6,5.17,0.1935,"2014-12-08 21:00:00","2014-12-18 23:00:00",242,10
11966763,2137,37,14,0.0173,6,5.17,0.1935,"2014-12-17 09:00:00","2014-12-18 23:00:00",38,1
11975256,469,3,3,0.0064,2,15.50,0.0645,"2014-12-12 23:00:00","2014-12-18 23:00:00",144,6
11993970,3051,13,12,0.0043,9,3.44,0.2903,"2014-12-13 14:00:00","2014-12-18 23:00:00",129,5
12000472,95,1,1,0.0105,1,31.00,0.0323,"2014-11-27 13:00:00","2014-12-18 23:00:00",514,21
12012359,564,16,12,0.0284,6,5.17,0.1935,"2014-12-12 23:00:00","2014-12-18 23:00:00",144,6
12025952,267,3,3,0.0112,2,15.50,0.0645,"2014-12-07 11:00:00","2014-12-18 23:00:00",276,11
12037455,141,1,1,0.0071,1,31.00,0.0323,"2014-12-10 19:00:00","2014-12-18 23:00:00",196,8
12039328,2115,23,22,0.0109,10,3.10,0.3226,"2014-12-15 09:00:00","2014-12-18 23:00:00",86,3
12051954,2028,9,9,0.0044,6,5.17,0.1935,"2014-12-12 10:00:00","2014-12-18 23:00:00",157,6
12055347,4763,2,2,0.0004,1,31.00,0.0323,"2014-12-14 16:00:00","2014-12-18 23:00:00",103,4
12070973,63,3,2,0.0476,3,10.33,0.0968,"2014-12-17 17:00:00","2014-12-18 23:00:00",30,1
12093186,35,0,0,0.0000,0,NULL,0.0000,NULL,"2014-12-18 23:00:00",NULL,NULL
12118297,386,5,5,0.0130,4,7.75,0.1290,"2014-12-15 14:00:00","2014-12-18 23:00:00",81,3
12122714,906,7,7,0.0077,4,7.75,0.1290,"2014-12-12 23:00:00","2014-12-18 23:00:00",144,6
12129371,1140,2,2,0.0018,2,15.50,0.0645,"2014-12-12 21:00:00","2014-12-18 23:00:00",146,6
12135006,140,2,2,0.0143,2,15.50,0.0645,"2014-12-14 14:00:00","2014-12-18 23:00:00",105,4
12139270,174,1,1,0.0057,1,31.00,0.0323,"2014-12-12 21:00:00","2014-12-18 23:00:00",146,6
12163667,692,3,3,0.0043,3,10.33,0.0968,"2014-12-15 21:00:00","2014-12-18 23:00:00",74,3
12202456,239,5,4,0.0209,5,6.20,0.1613,"2014-12-16 20:00:00","2014-12-18 23:00:00",51,2
12210870,2585,101,59,0.0391,15,2.07,0.4839,"2014-12-18 22:00:00","2014-12-18 23:00:00",1,0
12214179,3512,26,13,0.0074,4,7.75,0.1290,"2014-12-17 06:00:00","2014-12-18 23:00:00",41,1
12222620,1323,16,14,0.0121,9,3.44,0.2903,"2014-12-17 10:00:00","2014-12-18 23:00:00",37,1
12252570,473,5,5,0.0106,3,10.33,0.0968,"2014-12-10 23:00:00","2014-12-18 23:00:00",192,8
12262752,987,0,0,0.0000,0,NULL,0.0000,NULL,"2014-12-18 23:00:00",NULL,NULL
12282525,1353,1,1,0.0007,1,31.00,0.0323,"2014-12-16 20:00:00","2014-12-18 23:00:00",51,2
12283105,771,3,3,0.0039,3,10.33,0.0968,"2014-12-12 18:00:00","2014-12-18 23:00:00",149,6
12285453,117,0,0,0.0000,0,NULL,0.0000,NULL,"2014-12-18 23:00:00",NULL,NULL
12297890,1253,37,37,0.0295,8,3.88,0.2581,"2014-12-15 16:00:00","2014-12-18 23:00:00",79,3
12300043,40,0,0,0.0000,0,NULL,0.0000,NULL,"2014-12-18 23:00:00",NULL,NULL
12322077,988,25,19,0.0253,4,7.75,0.1290,"2014-12-16 16:00:00","2014-12-18 23:00:00",55,2
12339789,850,16,16,0.0188,7,4.43,0.2258,"2014-12-05 21:00:00","2014-12-18 23:00:00",314,13
12369583,1103,51,46,0.0462,14,2.21,0.4516,"2014-12-18 21:00:00","2014-12-18 23:00:00",2,0
12373370,2060,5,5,0.0024,4,7.75,0.1290,"2014-12-12 22:00:00","2014-12-18 23:00:00",145,6
12388225,36,0,0,0.0000,0,NULL,0.0000,NULL,"2014-12-18 23:00:00",NULL,NULL
12428085,2618,19,18,0.0073,12,2.58,0.3871,"2014-12-13 11:00:00","2014-12-18 23:00:00",132,5
12462869,213,7,6,0.0329,4,7.75,0.1290,"2014-12-15 18:00:00","2014-12-18 23:00:00",77,3
12472346,4164,10,9,0.0024,5,6.20,0.1613,"2014-12-16 21:00:00","2014-12-18 23:00:00",50,2
12510155,1965,35,29,0.0178,9,3.44,0.2903,"2014-12-17 16:00:00","2014-12-18 23:00:00",31,1
12522187,1312,6,6,0.0046,5,6.20,0.1613,"2014-12-07 09:00:00","2014-12-18 23:00:00",278,11
12567456,400,0,0,0.0000,0,NULL,0.0000,NULL,"2014-12-18 23:00:00",NULL,NULL
12568217,835,14,11,0.0168,5,6.20,0.1613,"2014-12-11 22:00:00","2014-12-18 23:00:00",169,7
12570225,4081,53,48,0.0130,8,3.88,0.2581,"2014-12-18 14:00:00","2014-12-18 23:00:00",9,0
12571684,2980,3,3,0.0010,3,10.33,0.0968,"2014-12-12 08:00:00","2014-12-18 23:00:00",159,6
12592296,95,0,0,0.0000,0,NULL,0.0000,NULL,"2014-12-18 23:00:00",NULL,NULL
12605760,614,6,6,0.0098,5,6.20,0.1613,"2014-12-12 11:00:00","2014-12-18 23:00:00",156,6
12619319,842,0,0,0.0000,0,NULL,0.0000,NULL,"2014-12-18 23:00:00",NULL,NULL
12628544,3090,49,35,0.0159,6,5.17,0.1935,"2014-12-18 14:00:00","2014-12-18 23:00:00",9,0
12636431,723,7,5,0.0097,5,6.20,0.1613,"2014-12-18 07:00:00","2014-12-18 23:00:00",16,0
12662961,74,2,2,0.0270,2,15.50,0.0645,"2014-12-11 23:00:00","2014-12-18 23:00:00",168,7
12683992,375,3,3,0.0080,2,15.50,0.0645,"2014-12-09 15:00:00","2014-12-18 23:00:00",224,9
12684051,4339,53,49,0.0122,9,3.44,0.2903,"2014-12-13 22:00:00","2014-12-18 23:00:00",121,5
12711593,150,3,3,0.0200,2,15.50,0.0645,"2014-12-18 01:00:00","2014-12-18 23:00:00",22,0
12725690,430,3,3,0.0070,1,31.00,0.0323,"2014-12-16 14:00:00","2014-12-18 23:00:00",57,2
12730285,773,9,9,0.0116,7,4.43,0.2258,"2014-12-18 20:00:00","2014-12-18 23:00:00",3,0
12731267,927,4,3,0.0043,3,10.33,0.0968,"2014-12-15 17:00:00","2014-12-18 23:00:00",78,3
12746210,3923,10,10,0.0025,5,6.20,0.1613,"2014-12-13 21:00:00","2014-12-18 23:00:00",122,5
12796196,657,18,15,0.0274,9,3.44,0.2903,"2014-12-17 00:00:00","2014-12-18 23:00:00",47,1
12820152,207,3,3,0.0145,2,15.50,0.0645,"2014-12-05 20:00:00","2014-12-18 23:00:00",315,13
12833799,6842,46,41,0.0067,14,2.21,0.4516,"2014-12-17 14:00:00","2014-12-18 23:00:00",33,1
12850436,549,2,2,0.0036,1,31.00,0.0323,"2014-12-12 16:00:00","2014-12-18 23:00:00",151,6
12866931,310,15,13,0.0484,8,3.88,0.2581,"2014-12-18 10:00:00","2014-12-18 23:00:00",13,0
12884654,348,14,13,0.0402,10,3.10,0.3226,"2014-12-18 10:00:00","2014-12-18 23:00:00",13,0
12892503,1276,3,3,0.0024,2,15.50,0.0645,"2014-12-08 08:00:00","2014-12-18 23:00:00",255,10
12906922,2120,10,8,0.0047,6,5.17,0.1935,"2014-12-17 00:00:00","2014-12-18 23:00:00",47,1
12925543,1378,30,27,0.0218,5,6.20,0.1613,"2014-12-03 00:00:00","2014-12-18 23:00:00",383,15
12931864,2146,5,5,0.0023,3,10.33,0.0968,"2014-12-12 15:00:00","2014-12-18 23:00:00",152,6
12940608,5359,49,40,0.0091,16,1.94,0.5161,"2014-12-13 15:00:00","2014-12-18 23:00:00",128,5
12947756,1,0,0,0.0000,0,NULL,0.0000,NULL,"2014-12-18 23:00:00",NULL,NULL
12970967,295,4,4,0.0136,4,7.75,0.1290,"2014-12-15 21:00:00","2014-12-18 23:00:00",74,3
12986660,35,0,0,0.0000,0,NULL,0.0000,NULL,"2014-12-18 23:00:00",NULL,NULL
12990018,723,4,4,0.0055,3,10.33,0.0968,"2014-12-12 20:00:00","2014-12-18 23:00:00",147,6
12997160,213,2,2,0.0094,2,15.50,0.0645,"2014-12-14 21:00:00","2014-12-18 23:00:00",98,4
12998932,1187,4,4,0.0034,2,15.50,0.0645,"2014-12-18 20:00:00","2014-12-18 23:00:00",3,0
13005359,153,0,0,0.0000,0,NULL,0.0000,NULL,"2014-12-18 23:00:00",NULL,NULL
13006367,645,5,5,0.0078,2,15.50,0.0645,"2014-12-03 21:00:00","2014-12-18 23:00:00",362,15
13014253,980,19,16,0.0194,8,3.88,0.2581,"2014-12-17 15:00:00","2014-12-18 23:00:00",32,1
13015077,103,1,1,0.0097,1,31.00,0.0323,"2014-12-13 14:00:00","2014-12-18 23:00:00",129,5
13034876,934,1,1,0.0011,1,31.00,0.0323,"2014-11-25 21:00:00","2014-12-18 23:00:00",554,23
13056340,500,2,1,0.0040,2,15.50,0.0645,"2014-12-12 09:00:00","2014-12-18 23:00:00",158,6
13069552,1934,8,7,0.0041,5,6.20,0.1613,"2014-12-12 13:00:00","2014-12-18 23:00:00",154,6
13079368,1674,12,12,0.0072,10,3.10,0.3226,"2014-12-18 19:00:00","2014-12-18 23:00:00",4,0
13081722,1297,18,17,0.0139,9,3.44,0.2903,"2014-12-14 22:00:00","2014-12-18 23:00:00",97,4
13088520,531,0,0,0.0000,0,NULL,0.0000,NULL,"2014-12-18 23:00:00",NULL,NULL
13096088,930,12,8,0.0129,5,6.20,0.1613,"2014-12-10 11:00:00","2014-12-18 23:00:00",204,8
13099562,1495,5,4,0.0033,3,10.33,0.0968,"2014-12-12 20:00:00","2014-12-18 23:00:00",147,6
13103318,2283,36,32,0.0158,13,2.38,0.4194,"2014-12-16 14:00:00","2014-12-18 23:00:00",57,2
13110515,1045,1,1,0.0010,1,31.00,0.0323,"2014-11-22 23:00:00","2014-12-18 23:00:00",624,26
13154544,121,1,1,0.0083,1,31.00,0.0323,"2014-11-29 13:00:00","2014-12-18 23:00:00",466,19
13161427,1369,9,7,0.0066,3,10.33,0.0968,"2014-12-12 21:00:00","2014-12-18 23:00:00",146,6
13162008,191,0,0,0.0000,0,NULL,0.0000,NULL,"2014-12-18 23:00:00",NULL,NULL
13166978,1512,10,9,0.0066,7,4.43,0.2258,"2014-12-11 20:00:00","2014-12-18 23:00:00",171,7
13178504,330,0,0,0.0000,0,NULL,0.0000,NULL,"2014-12-18 23:00:00",NULL,NULL
13213333,3390,58,52,0.0171,12,2.58,0.3871,"2014-12-14 14:00:00","2014-12-18 23:00:00",105,4
13222751,214,0,0,0.0000,0,NULL,0.0000,NULL,"2014-12-18 23:00:00",NULL,NULL
13228640,569,3,3,0.0053,2,15.50,0.0645,"2014-12-15 16:00:00","2014-12-18 23:00:00",79,3
13232080,940,4,4,0.0043,4,7.75,0.1290,"2014-12-15 18:00:00","2014-12-18 23:00:00",77,3
13237276,940,10,9,0.0106,7,4.43,0.2258,"2014-12-10 03:00:00","2014-12-18 23:00:00",212,8
13248817,1042,10,10,0.0096,9,3.44,0.2903,"2014-12-11 22:00:00","2014-12-18 23:00:00",169,7
13254648,961,20,17,0.0208,4,7.75,0.1290,"2014-12-11 22:00:00","2014-12-18 23:00:00",169,7
13311291,275,2,2,0.0073,2,15.50,0.0645,"2014-11-26 11:00:00","2014-12-18 23:00:00",540,22
13327410,670,7,6,0.0104,5,6.20,0.1613,"2014-12-18 20:00:00","2014-12-18 23:00:00",3,0
13384101,267,1,1,0.0037,1,31.00,0.0323,"2014-11-21 23:00:00","2014-12-18 23:00:00",648,27
13385262,489,13,11,0.0266,8,3.88,0.2581,"2014-12-08 22:00:00","2014-12-18 23:00:00",241,10
13396413,387,7,4,0.0181,2,15.50,0.0645,"2014-12-09 22:00:00","2014-12-18 23:00:00",217,9
13403684,1372,11,10,0.0080,6,5.17,0.1935,"2014-12-15 11:00:00","2014-12-18 23:00:00",84,3
13408757,560,1,1,0.0018,1,31.00,0.0323,"2014-11-20 16:00:00","2014-12-18 23:00:00",679,28
13444072,434,9,8,0.0207,3,10.33,0.0968,"2014-12-11 21:00:00","2014-12-18 23:00:00",170,7
13447112,211,0,0,0.0000,0,NULL,0.0000,NULL,"2014-12-18 23:00:00",NULL,NULL
13451882,239,0,0,0.0000,0,NULL,0.0000,NULL,"2014-12-18 23:00:00",NULL,NULL
13522124,313,0,0,0.0000,0,NULL,0.0000,NULL,"2014-12-18 23:00:00",NULL,NULL
13527121,126,5,4,0.0397,2,15.50,0.0645,"2014-11-28 19:00:00","2014-12-18 23:00:00",484,20
13538176,1046,16,15,0.0153,11,2.82,0.3548,"2014-12-17 17:00:00","2014-12-18 23:00:00",30,1
13553694,213,0,0,0.0000,0,NULL,0.0000,NULL,"2014-12-18 23:00:00",NULL,NULL
13555997,174,0,0,0.0000,0,NULL,0.0000,NULL,"2014-12-18 23:00:00",NULL,NULL
13565343,43,3,3,0.0698,1,31.00,0.0323,"2014-11-29 19:00:00","2014-12-18 23:00:00",460,19
13616260,11,1,1,0.0909,1,31.00,0.0323,"2014-12-16 20:00:00","2014-12-18 23:00:00",51,2
13622216,618,0,0,0.0000,0,NULL,0.0000,NULL,"2014-12-18 23:00:00",NULL,NULL
13625542,153,5,4,0.0327,3,10.33,0.0968,"2014-12-16 08:00:00","2014-12-18 23:00:00",63,2
13630759,905,6,6,0.0066,6,5.17,0.1935,"2014-12-16 18:00:00","2014-12-18 23:00:00",53,2
13656280,290,7,6,0.0241,2,15.50,0.0645,"2014-12-12 13:00:00","2014-12-18 23:00:00",154,6
