active_date,user_id,num_behavior_type,user_rank
2014-11-18,130270245,2243,1
2014-11-18,36525698,2196,2
2014-11-18,77339861,1441,3
2014-11-18,121306092,1176,4
2014-11-18,73196588,1048,5
2014-11-18,38839327,965,6
2014-11-18,139435539,851,7
2014-11-18,59567091,836,8
2014-11-18,59511789,806,9
2014-11-18,113283932,801,10
2014-11-18,34424883,778,11
2014-11-18,5938241,761,12
2014-11-18,90331505,708,13
2014-11-18,34305614,704,14
2014-11-18,127619887,702,15
2014-11-18,25509021,700,16
2014-11-18,7234861,687,17
2014-11-18,79587494,680,18
2014-11-18,53080199,666,19
2014-11-18,4364079,656,20
2014-11-18,138735272,648,21
2014-11-18,47293396,647,22
2014-11-18,5694160,642,23
2014-11-18,475826,594,24
2014-11-18,110954163,583,25
2014-11-18,107209058,567,26
2014-11-18,21978171,565,27
2014-11-18,21743048,561,28
2014-11-18,36233277,558,29
2014-11-18,52772551,556,30
2014-11-18,102930156,554,31
2014-11-18,138387712,544,32
2014-11-18,97389266,533,33
2014-11-18,15541192,525,34
2014-11-18,24219008,513,35
2014-11-18,93479181,509,36
2014-11-18,46023224,507,37
2014-11-18,30955749,506,38
2014-11-18,27850931,505,39
2014-11-18,131573117,504,40
2014-11-18,140423268,504,41
2014-11-18,137175187,495,42
2014-11-18,5315279,481,43
2014-11-18,814199,480,44
2014-11-18,27840504,477,45
2014-11-18,45649071,466,46
2014-11-18,26720422,465,47
2014-11-18,60032762,464,48
2014-11-18,40459733,463,49
2014-11-18,42966250,462,50
2014-11-18,74952849,457,51
2014-11-18,89428650,449,52
2014-11-18,828731,445,53
2014-11-18,124303059,442,54
2014-11-18,141444223,440,55
2014-11-18,51940848,440,56
2014-11-18,122338823,431,57
2014-11-18,80481728,420,58
2014-11-18,70913065,420,59
2014-11-18,121000384,415,60
2014-11-18,84121281,408,61
2014-11-18,130540064,405,62
2014-11-18,67822184,405,63
2014-11-18,41745316,404,64
2014-11-18,48836510,401,65
2014-11-18,45473276,398,66
2014-11-18,142181816,397,67
2014-11-18,95885873,397,68
2014-11-18,59422637,396,69
2014-11-18,29601369,395,70
2014-11-18,53416987,394,71
2014-11-18,83813302,392,72
2014-11-18,71035154,389,73
2014-11-18,90035027,387,74
2014-11-18,37671999,385,75
2014-11-18,23446150,384,76
2014-11-18,119687214,384,77
2014-11-18,9219164,381,78
2014-11-18,76253363,379,79
2014-11-18,47874120,374,80
2014-11-18,7761295,373,81
2014-11-18,44193672,368,82
2014-11-18,12892503,366,83
2014-11-18,31663890,365,84
2014-11-18,76879190,360,85
2014-11-18,33303512,353,86
2014-11-18,135639209,352,87
2014-11-18,78571658,351,88
2014-11-18,138100684,349,89
2014-11-18,82905542,347,90
2014-11-18,111957230,346,91
2014-11-18,35669832,344,92
2014-11-18,44005966,342,93
2014-11-18,114352631,342,94
2014-11-18,117026591,341,95
2014-11-18,30933630,341,96
2014-11-18,130572539,337,97
2014-11-18,134580497,336,98
2014-11-18,71251121,334,99
2014-11-18,27141122,333,100
2014-11-19,73196588,1315,1
2014-11-19,137175187,1289,2
2014-11-19,65645933,1136,3
2014-11-19,113283932,1020,4
2014-11-19,8886191,898,5
2014-11-19,4364079,892,6
2014-11-19,34553782,867,7
2014-11-19,36233277,766,8
2014-11-19,59511789,742,9
2014-11-19,11361547,733,10
2014-11-19,20643274,644,11
2014-11-19,7761295,641,12
2014-11-19,71035154,640,13
2014-11-19,37648682,614,14
2014-11-19,17908580,612,15
2014-11-19,117026591,608,16
2014-11-19,48836510,581,17
2014-11-19,85822276,572,18
2014-11-19,16676403,571,19
2014-11-19,127619887,562,20
2014-11-19,121306092,554,21
2014-11-19,110509780,548,22
2014-11-19,13213333,543,23
2014-11-19,75251738,533,24
2014-11-19,100326985,532,25
2014-11-19,497764,532,26
2014-11-19,103133076,525,27
2014-11-19,97464808,523,28
2014-11-19,133888509,519,29
2014-11-19,137484826,519,30
2014-11-19,139435539,510,31
2014-11-19,56575580,505,32
2014-11-19,89083541,499,33
2014-11-19,21743048,497,34
2014-11-19,53080199,488,35
2014-11-19,116049086,487,36
2014-11-19,74952849,484,37
2014-11-19,37844114,475,38
2014-11-19,90720609,472,39
2014-11-19,51492142,470,40
2014-11-19,25678919,469,41
2014-11-19,139003263,448,42
2014-11-19,36525698,446,43
2014-11-19,5315279,442,44
2014-11-19,36574688,439,45
2014-11-19,93970634,435,46
2014-11-19,118330286,426,47
2014-11-19,71238931,422,48
2014-11-19,132061340,416,49
2014-11-19,38839327,414,50
2014-11-19,21875488,412,51
2014-11-19,19716129,407,52
2014-11-19,4110672,403,53
2014-11-19,59915320,400,54
2014-11-19,117659143,397,55
2014-11-19,102930156,395,56
2014-11-19,52772551,395,57
2014-11-19,130576689,389,58
2014-11-19,56708793,386,59
2014-11-19,23958465,386,60
2014-11-19,22884828,383,61
2014-11-19,26720422,381,62
2014-11-19,20243905,381,63
2014-11-19,123842164,380,64
2014-11-19,6015031,380,65
2014-11-19,67822184,379,66
2014-11-19,89931825,379,67
2014-11-19,19911284,378,68
2014-11-19,51426415,378,69
2014-11-19,24033530,376,70
2014-11-19,117902605,376,71
2014-11-19,79587494,374,72
2014-11-19,115876596,372,73
2014-11-19,98308778,369,74
2014-11-19,4137745,366,75
2014-11-19,4361577,366,76
2014-11-19,67524897,366,77
2014-11-19,55381200,366,78
2014-11-19,128969098,365,79
2014-11-19,4839961,363,80
2014-11-19,117006290,357,81
2014-11-19,112976136,355,82
2014-11-19,70876649,355,83
2014-11-19,3694961,355,84
2014-11-19,123450171,353,85
2014-11-19,51940848,353,86
2014-11-19,65087297,350,87
2014-11-19,33116829,349,88
2014-11-19,81500257,348,89
2014-11-19,128135959,348,90
2014-11-19,106469828,343,91
2014-11-19,45865960,342,92
2014-11-19,88503688,341,93
2014-11-19,62360262,339,94
2014-11-19,95528086,339,95
2014-11-19,33596774,338,96
2014-11-19,95253222,337,97
2014-11-19,56560718,337,98
2014-11-19,26460336,335,99
2014-11-19,11993970,335,100
2014-11-20,77374787,1323,1
2014-11-20,8886191,1106,2
2014-11-20,73196588,1043,3
2014-11-20,59511789,986,4
2014-11-20,137175187,900,5
2014-11-20,16676403,894,6
2014-11-20,110976685,870,7
2014-11-20,23165095,796,8
2014-11-20,6345483,733,9
2014-11-20,124614349,731,10
2014-11-20,62068426,714,11
2014-11-20,29245673,674,12
2014-11-20,5315279,668,13
2014-11-20,133888509,640,14
2014-11-20,86273519,621,15
2014-11-20,51426415,614,16
2014-11-20,52577851,603,17
2014-11-20,5938241,599,18
2014-11-20,127619887,595,19
2014-11-20,117902605,594,20
2014-11-20,11910007,569,21
2014-11-20,122388121,568,22
2014-11-20,93784494,568,23
2014-11-20,497764,557,24
2014-11-20,15541192,556,25
2014-11-20,12684051,542,26
2014-11-20,127958351,540,27
2014-11-20,116049086,533,28
2014-11-20,53080199,527,29
2014-11-20,103767458,518,30
2014-11-20,83813302,514,31
2014-11-20,92706593,510,32
2014-11-20,101120745,507,33
2014-11-20,26857141,504,34
2014-11-20,20849275,504,35
2014-11-20,75251738,496,36
2014-11-20,2639819,494,37
2014-11-20,52772551,485,38
2014-11-20,90331505,484,39
2014-11-20,29791483,483,40
2014-11-20,12472346,483,41
2014-11-20,4110672,483,42
2014-11-20,131573117,477,43
2014-11-20,36561036,476,44
2014-11-20,51940848,468,45
2014-11-20,97464808,467,46
2014-11-20,70876649,463,47
2014-11-20,122183715,459,48
2014-11-20,117301497,459,49
2014-11-20,27626311,455,50
2014-11-20,82905542,453,51
2014-11-20,88009446,453,52
2014-11-20,113283932,452,53
2014-11-20,130576689,448,54
2014-11-20,10770527,448,55
2014-11-20,10020755,445,56
2014-11-20,112976136,440,57
2014-11-20,43855246,434,58
2014-11-20,9219164,433,59
2014-11-20,93479181,429,60
2014-11-20,131283302,427,61
2014-11-20,82575380,426,62
2014-11-20,10211498,426,63
2014-11-20,3694961,425,64
2014-11-20,117977942,421,65
2014-11-20,45743550,420,66
2014-11-20,68150938,419,67
2014-11-20,137463180,418,68
2014-11-20,23958465,417,69
2014-11-20,45649071,415,70
2014-11-20,119149297,413,71
2014-11-20,91081942,407,72
2014-11-20,21070014,407,73
2014-11-20,11738621,394,74
2014-11-20,36233277,392,75
2014-11-20,123842164,391,76
2014-11-20,26337733,390,77
2014-11-20,116259421,388,78
2014-11-20,30955749,387,79
2014-11-20,118330286,383,80
2014-11-20,126784328,382,81
2014-11-20,122338823,378,82
2014-11-20,21743048,377,83
2014-11-20,7234861,376,84
2014-11-20,13666087,372,85
2014-11-20,5694160,372,86
2014-11-20,71714329,371,87
2014-11-20,75292590,371,88
2014-11-20,124992372,371,89
2014-11-20,128826910,370,90
2014-11-20,55381200,369,91
2014-11-20,57105532,367,92
2014-11-20,87944152,366,93
2014-11-20,83688949,365,94
2014-11-20,86756157,364,95
2014-11-20,51435164,362,96
2014-11-20,19911284,362,97
2014-11-20,4060646,362,98
2014-11-20,128246403,359,99
2014-11-20,90033831,358,100
2014-11-21,74952849,1238,1
2014-11-21,59511789,990,2
2014-11-21,7234861,990,3
2014-11-21,36233277,968,4
2014-11-21,15541192,936,5
2014-11-21,125411948,838,6
2014-11-21,97389266,790,7
2014-11-21,137175187,790,8
2014-11-21,73196588,788,9
2014-11-21,29791483,727,10
2014-11-21,130547450,694,11
2014-11-21,123842164,684,12
2014-11-21,83813302,681,13
2014-11-21,53080199,674,14
2014-11-21,70876649,653,15
2014-11-21,77374787,649,16
2014-11-21,11361547,632,17
2014-11-21,131283302,620,18
2014-11-21,9639120,617,19
2014-11-21,56462249,592,20
2014-11-21,74314315,585,21
2014-11-21,77339861,571,22
2014-11-21,120305341,570,23
2014-11-21,48470191,567,24
2014-11-21,71929773,558,25
2014-11-21,30933630,544,26
2014-11-21,82905542,543,27
2014-11-21,33596774,534,28
2014-11-21,22962826,530,29
2014-11-21,134358011,525,30
2014-11-21,65961855,523,31
2014-11-21,4110672,513,32
2014-11-21,128246403,508,33
2014-11-21,51435164,507,34
2014-11-21,62068426,496,35
2014-11-21,65645933,488,36
2014-11-21,12472346,485,37
2014-11-21,113283932,467,38
2014-11-21,87475354,464,39
2014-11-21,110976685,446,40
2014-11-21,23958465,439,41
2014-11-21,39526193,438,42
2014-11-21,122338823,434,43
2014-11-21,114737900,434,44
2014-11-21,97464808,426,45
2014-11-21,79134636,425,46
2014-11-21,134109810,418,47
2014-11-21,21868086,414,48
2014-11-21,55055762,412,49
2014-11-21,52660721,410,50
2014-11-21,91081942,407,51
2014-11-21,37671999,389,52
2014-11-21,82575380,386,53
2014-11-21,59659116,385,54
2014-11-21,10020755,382,55
2014-11-21,45743550,381,56
2014-11-21,138891580,379,57
2014-11-21,8045744,377,58
2014-11-21,10211498,373,59
2014-11-21,102930156,372,60
2014-11-21,36582945,370,61
2014-11-21,33797179,364,62
2014-11-21,52772551,363,63
2014-11-21,28739065,362,64
2014-11-21,129809988,358,65
2014-11-21,132731360,356,66
2014-11-21,1944583,347,67
2014-11-21,36561036,347,68
2014-11-21,15187673,347,69
2014-11-21,91496013,346,70
2014-11-21,18781926,344,71
2014-11-21,27423844,343,72
2014-11-21,6345483,343,73
2014-11-21,43051852,342,74
2014-11-21,85633095,341,75
2014-11-21,54214799,341,76
2014-11-21,73462715,341,77
2014-11-21,90035027,340,78
2014-11-21,48752418,340,79
2014-11-21,23165095,340,80
2014-11-21,69195802,339,81
2014-11-21,100753537,339,82
2014-11-21,139104982,338,83
2014-11-21,72632718,337,84
2014-11-21,31735497,335,85
2014-11-21,41103398,335,86
2014-11-21,142120051,334,87
2014-11-21,95237027,332,88
2014-11-21,95996140,332,89
2014-11-21,67028419,324,90
2014-11-21,110509780,323,91
2014-11-21,8886191,323,92
2014-11-21,104792616,319,93
2014-11-21,413178,318,94
2014-11-21,70240139,316,95
2014-11-21,34424883,312,96
2014-11-21,26052997,312,97
2014-11-21,1897583,312,98
2014-11-21,21875488,311,99
2014-11-21,125193088,311,100
2014-11-22,36233277,2395,1
2014-11-22,65961855,1079,2
2014-11-22,70240139,959,3
2014-11-22,5315279,913,4
2014-11-22,61644490,889,5
2014-11-22,73196588,870,6
2014-11-22,130270245,867,7
2014-11-22,123842164,835,8
2014-11-22,56690952,827,9
2014-11-22,79134636,809,10
2014-11-22,137175187,809,11
2014-11-22,59511789,774,12
2014-11-22,52577851,773,13
2014-11-22,117301497,741,14
2014-11-22,97073377,694,15
2014-11-22,82905542,656,16
2014-11-22,65645933,654,17
2014-11-22,49429733,644,18
2014-11-22,77339861,643,19
2014-11-22,67268928,631,20
2014-11-22,67168345,612,21
2014-11-22,26460336,571,22
2014-11-22,51435164,565,23
2014-11-22,52772551,547,24
2014-11-22,5020210,545,25
2014-11-22,110976685,545,26
2014-11-22,73138544,542,27
2014-11-22,29791483,538,28
2014-11-22,123848007,532,29
2014-11-22,3318666,523,30
2014-11-22,78704357,522,31
2014-11-22,18728199,518,32
2014-11-22,22962826,518,33
2014-11-22,28739065,513,34
2014-11-22,37671999,512,35
2014-11-22,10982501,505,36
2014-11-22,39526193,491,37
2014-11-22,131538712,490,38
2014-11-22,138867561,478,39
2014-11-22,80775941,476,40
2014-11-22,12210870,473,41
2014-11-22,21824858,468,42
2014-11-22,91239449,468,43
2014-11-22,9639120,462,44
2014-11-22,106557109,459,45
2014-11-22,134109810,455,46
2014-11-22,15541192,453,47
2014-11-22,85336332,450,48
2014-11-22,3694961,443,49
2014-11-22,102281568,432,50
2014-11-22,107209058,422,51
2014-11-22,21978171,414,52
2014-11-22,1897583,412,53
2014-11-22,12039328,410,54
2014-11-22,97464808,410,55
2014-11-22,73278658,409,56
2014-11-22,77443046,408,57
2014-11-22,131930045,408,58
2014-11-22,21562611,408,59
2014-11-22,61627054,405,60
2014-11-22,100929958,405,61
2014-11-22,75821100,402,62
2014-11-22,43468469,397,63
2014-11-22,5694160,393,64
2014-11-22,51763538,393,65
2014-11-22,69195802,392,66
2014-11-22,56462249,391,67
2014-11-22,19282406,387,68
2014-11-22,6345483,385,69
2014-11-22,98795231,383,70
2014-11-22,89428650,383,71
2014-11-22,11790840,379,72
2014-11-22,92954093,378,73
2014-11-22,135916314,372,74
2014-11-22,63329418,371,75
2014-11-22,21868086,370,76
2014-11-22,77150532,369,77
2014-11-22,134358011,369,78
2014-11-22,139592313,364,79
2014-11-22,118330286,363,80
2014-11-22,135402088,363,81
2014-11-22,116324656,360,82
2014-11-22,79112468,359,83
2014-11-22,124291848,354,84
2014-11-22,29699014,350,85
2014-11-22,19805334,348,86
2014-11-22,85822276,348,87
2014-11-22,123889295,348,88
2014-11-22,65982317,346,89
2014-11-22,12472346,345,90
2014-11-22,122338823,345,91
2014-11-22,129226331,341,92
2014-11-22,74067634,339,93
2014-11-22,74750292,337,94
2014-11-22,83813302,336,95
2014-11-22,40979555,336,96
2014-11-22,131283302,335,97
2014-11-22,75225256,335,98
2014-11-22,89736791,334,99
2014-11-22,127641845,333,100
2014-11-23,36233277,1344,1
2014-11-23,77339861,1209,2
2014-11-23,70240139,1201,3
2014-11-23,73196588,1141,4
2014-11-23,30838173,1106,5
2014-11-23,137175187,791,6
2014-11-23,83813302,770,7
2014-11-23,56690952,753,8
2014-11-23,75292590,721,9
2014-11-23,123237592,683,10
2014-11-23,122740147,653,11
2014-11-23,135402088,605,12
2014-11-23,52577851,600,13
2014-11-23,43855246,600,14
2014-11-23,135889836,588,15
2014-11-23,79253885,558,16
2014-11-23,113283932,554,17
2014-11-23,71238931,553,18
2014-11-23,101748138,550,19
2014-11-23,24219008,549,20
2014-11-23,79807626,546,21
2014-11-23,82905542,545,22
2014-11-23,112142417,544,23
2014-11-23,77374787,529,24
2014-11-23,96583102,527,25
2014-11-23,43794910,518,26
2014-11-23,52559406,516,27
2014-11-23,78571658,516,28
2014-11-23,47428428,514,29
2014-11-23,3318666,495,30
2014-11-23,95088933,490,31
2014-11-23,117977942,489,32
2014-11-23,100637858,489,33
2014-11-23,128002749,488,34
2014-11-23,136220191,478,35
2014-11-23,80775941,478,36
2014-11-23,74314315,478,37
2014-11-23,78329358,473,38
2014-11-23,89710336,471,39
2014-11-23,16676403,467,40
2014-11-23,101435898,463,41
2014-11-23,89384841,462,42
2014-11-23,29699014,462,43
2014-11-23,131472598,461,44
2014-11-23,12746210,458,45
2014-11-23,29791483,457,46
2014-11-23,56053530,455,47
2014-11-23,74775623,455,48
2014-11-23,58581609,451,49
2014-11-23,106090167,451,50
2014-11-23,117221482,449,51
2014-11-23,100929958,449,52
2014-11-23,66831202,448,53
2014-11-23,70913065,447,54
2014-11-23,90331505,447,55
2014-11-23,52772551,445,56
2014-11-23,103439105,440,57
2014-11-23,89428650,437,58
2014-11-23,109084676,434,59
2014-11-23,78889829,433,60
2014-11-23,85822276,432,61
2014-11-23,122807268,431,62
2014-11-23,81322348,427,63
2014-11-23,127089112,426,64
2014-11-23,93311801,419,65
2014-11-23,79587494,416,66
2014-11-23,69152893,411,67
2014-11-23,45649071,410,68
2014-11-23,101120745,410,69
2014-11-23,93479181,409,70
2014-11-23,97855966,405,71
2014-11-23,107683230,404,72
2014-11-23,129377104,404,73
2014-11-23,59511789,402,74
2014-11-23,31446692,402,75
2014-11-23,88120786,399,76
2014-11-23,21978171,397,77
2014-11-23,67028419,396,78
2014-11-23,97073377,394,79
2014-11-23,106342906,393,80
2014-11-23,26460336,392,81
2014-11-23,123006863,391,82
2014-11-23,97595347,390,83
2014-11-23,12055347,388,84
2014-11-23,17552766,388,85
2014-11-23,142120051,385,86
2014-11-23,71929773,384,87
2014-11-23,70889190,384,88
2014-11-23,26720422,383,89
2014-11-23,103767458,380,90
2014-11-23,88513390,379,91
2014-11-23,95471305,374,92
2014-11-23,64699430,373,93
2014-11-23,33116829,372,94
2014-11-23,43032378,370,95
2014-11-23,37357777,370,96
2014-11-23,88815441,370,97
2014-11-23,135802732,368,98
2014-11-23,71035154,367,99
2014-11-23,131787268,366,100
2014-11-24,83813302,1114,1
2014-11-24,5315279,1079,2
2014-11-24,135402088,974,3
2014-11-24,59567091,862,4
2014-11-24,100929958,831,5
2014-11-24,131283302,809,6
2014-11-24,113283932,791,7
2014-11-24,59511789,783,8
2014-11-24,77339861,775,9
2014-11-24,73196588,764,10
2014-11-24,71251121,760,11
2014-11-24,52577851,738,12
2014-11-24,110976685,702,13
2014-11-24,60366651,684,14
2014-11-24,7234861,665,15
2014-11-24,116049086,663,16
2014-11-24,55381200,645,17
2014-11-24,117026591,598,18
2014-11-24,126784328,583,19
2014-11-24,25990178,578,20
2014-11-24,137175187,563,21
2014-11-24,106634442,561,22
2014-11-24,140423268,556,23
2014-11-24,85822276,536,24
2014-11-24,87475354,534,25
2014-11-24,123995552,529,26
2014-11-24,15957740,521,27
2014-11-24,53080199,521,28
2014-11-24,23248133,514,29
2014-11-24,64699430,512,30
2014-11-24,3543407,508,31
2014-11-24,123250328,507,32
2014-11-24,30955749,507,33
2014-11-24,123848007,505,34
2014-11-24,107209058,501,35
2014-11-24,107683230,501,36
2014-11-24,77522552,500,37
2014-11-24,12940608,499,38
2014-11-24,88815441,498,39
2014-11-24,70913065,496,40
2014-11-24,80954170,492,41
2014-11-24,139435539,492,42
2014-11-24,62142957,491,43
2014-11-24,62360262,491,44
2014-11-24,137850156,475,45
2014-11-24,107376559,467,46
2014-11-24,20997825,459,47
2014-11-24,131538712,452,48
2014-11-24,83851924,445,49
2014-11-24,75251738,445,50
2014-11-24,72306639,444,51
2014-11-24,142450275,441,52
2014-11-24,125482009,440,53
2014-11-24,10982501,437,54
2014-11-24,69696698,436,55
2014-11-24,12373370,429,56
2014-11-24,53027024,428,57
2014-11-24,28373415,425,58
2014-11-24,36233277,423,59
2014-11-24,80775941,423,60
2014-11-24,141600808,423,61
2014-11-24,36574688,420,62
2014-11-24,102930156,419,63
2014-11-24,131472598,415,64
2014-11-24,99750042,415,65
2014-11-24,122338823,413,66
2014-11-24,94514932,412,67
2014-11-24,96865786,411,68
2014-11-24,37671999,411,69
2014-11-24,45649071,410,70
2014-11-24,22717072,410,71
2014-11-24,106416249,408,72
2014-11-24,125042644,405,73
2014-11-24,28975138,405,74
2014-11-24,97073377,404,75
2014-11-24,107351947,400,76
2014-11-24,15541192,399,77
2014-11-24,126576453,398,78
2014-11-24,94992306,396,79
2014-11-24,52772551,395,80
2014-11-24,3318666,394,81
2014-11-24,3578206,394,82
2014-11-24,18728199,392,83
2014-11-24,77822835,389,84
2014-11-24,77374787,389,85
2014-11-24,71406451,387,86
2014-11-24,19399879,386,87
2014-11-24,20694838,385,88
2014-11-24,26562102,384,89
2014-11-24,86239261,382,90
2014-11-24,116114060,382,91
2014-11-24,121528560,381,92
2014-11-24,8325510,381,93
2014-11-24,101437780,378,94
2014-11-24,35817682,376,95
2014-11-24,57105532,370,96
2014-11-24,2675166,370,97
2014-11-24,1926899,369,98
2014-11-24,106320112,368,99
2014-11-24,31446692,368,100
2014-11-25,65645933,1086,1
2014-11-25,74952849,991,2
2014-11-25,59511789,920,3
2014-11-25,5315279,904,4
2014-11-25,73196588,830,5
2014-11-25,23591123,788,6
2014-11-25,10211498,765,7
2014-11-25,52577851,748,8
2014-11-25,77339861,730,9
2014-11-25,113283932,696,10
2014-11-25,97073377,695,11
2014-11-25,125411948,683,12
2014-11-25,33984927,681,13
2014-11-25,126399162,653,14
2014-11-25,123842164,629,15
2014-11-25,133680584,615,16
2014-11-25,91496013,614,17
2014-11-25,37671999,611,18
2014-11-25,102281568,597,19
2014-11-25,71035154,572,20
2014-11-25,112142417,565,21
2014-11-25,26720422,556,22
2014-11-25,107683230,554,23
2014-11-25,8886191,551,24
2014-11-25,135402088,548,25
2014-11-25,139961106,540,26
2014-11-25,46133505,540,27
2014-11-25,83813302,539,28
2014-11-25,125193088,539,29
2014-11-25,75888387,537,30
2014-11-25,119149297,521,31
2014-11-25,59131217,520,32
2014-11-25,23442968,520,33
2014-11-25,82320644,505,34
2014-11-25,78331026,494,35
2014-11-25,36574688,493,36
2014-11-25,131538712,493,37
2014-11-25,71238931,488,38
2014-11-25,6101177,488,39
2014-11-25,12833799,487,40
2014-11-25,75500533,486,41
2014-11-25,102011432,479,42
2014-11-25,131283302,478,43
2014-11-25,117026591,471,44
2014-11-25,86804290,468,45
2014-11-25,124614349,466,46
2014-11-25,36233277,465,47
2014-11-25,52660721,456,48
2014-11-25,109005178,455,49
2014-11-25,71251121,454,50
2014-11-25,28373415,450,51
2014-11-25,3318666,449,52
2014-11-25,85822276,445,53
2014-11-25,118330286,445,54
2014-11-25,29791483,443,55
2014-11-25,137175187,442,56
2014-11-25,124409414,437,57
2014-11-25,110976685,435,58
2014-11-25,29689901,428,59
2014-11-25,116049086,428,60
2014-11-25,126784328,426,61
2014-11-25,117902605,422,62
2014-11-25,106498387,420,63
2014-11-25,43051852,415,64
2014-11-25,38839327,414,65
2014-11-25,33116829,410,66
2014-11-25,17328648,409,67
2014-11-25,20786149,406,68
2014-11-25,36561036,406,69
2014-11-25,104569658,405,70
2014-11-25,21743048,404,71
2014-11-25,125912657,402,72
2014-11-25,48836510,401,73
2014-11-25,66866811,398,74
2014-11-25,57949136,398,75
2014-11-25,74086991,398,76
2014-11-25,74552997,397,77
2014-11-25,4725269,397,78
2014-11-25,9451374,396,79
2014-11-25,37780288,396,80
2014-11-25,33808787,394,81
2014-11-25,15957740,394,82
2014-11-25,51926941,393,83
2014-11-25,52772551,390,84
2014-11-25,7234861,388,85
2014-11-25,63052028,387,86
2014-11-25,59659116,386,87
2014-11-25,142306250,385,88
2014-11-25,106815559,383,89
2014-11-25,103767458,383,90
2014-11-25,60032762,381,91
2014-11-25,123450171,376,92
2014-11-25,88503688,373,93
2014-11-25,99750042,371,94
2014-11-25,3694961,370,95
2014-11-25,69195802,369,96
2014-11-25,123237592,368,97
2014-11-25,123848007,365,98
2014-11-25,103090935,361,99
2014-11-25,44806939,358,100
2014-11-26,126399162,1340,1
2014-11-26,62360262,936,2
2014-11-26,41017872,919,3
2014-11-26,135402088,913,4
2014-11-26,137175187,854,5
2014-11-26,74952849,794,6
2014-11-26,59511789,786,7
2014-11-26,119149297,775,8
2014-11-26,113283932,756,9
2014-11-26,74314315,754,10
2014-11-26,73196588,733,11
2014-11-26,116049086,676,12
2014-11-26,79807626,671,13
2014-11-26,91496013,668,14
2014-11-26,65645933,663,15
2014-11-26,36513563,660,16
2014-11-26,76253363,658,17
2014-11-26,97951451,626,18
2014-11-26,93479181,624,19
2014-11-26,70913065,612,20
2014-11-26,104569658,606,21
2014-11-26,97073377,593,22
2014-11-26,22153508,590,23
2014-11-26,24805953,590,24
2014-11-26,77339861,564,25
2014-11-26,15437545,558,26
2014-11-26,39201973,552,27
2014-11-26,5938241,548,28
2014-11-26,11361547,546,29
2014-11-26,117026591,544,30
2014-11-26,21562611,514,31
2014-11-26,118330286,512,32
2014-11-26,77374787,503,33
2014-11-26,102011432,502,34
2014-11-26,6345483,498,35
2014-11-26,119652192,495,36
2014-11-26,85633095,489,37
2014-11-26,53080199,487,38
2014-11-26,24033530,487,39
2014-11-26,36233277,485,40
2014-11-26,120986091,479,41
2014-11-26,133240213,477,42
2014-11-26,53027024,475,43
2014-11-26,105485068,470,44
2014-11-26,117902605,466,45
2014-11-26,71238931,462,46
2014-11-26,36593288,461,47
2014-11-26,3578206,455,48
2014-11-26,21978171,453,49
2014-11-26,36561036,449,50
2014-11-26,121306092,447,51
2014-11-26,37554907,445,52
2014-11-26,19282406,442,53
2014-11-26,117301497,442,54
2014-11-26,81586383,442,55
2014-11-26,85822276,437,56
2014-11-26,75292590,434,57
2014-11-26,23591123,434,58
2014-11-26,475826,432,59
2014-11-26,70240139,431,60
2014-11-26,137463180,427,61
2014-11-26,87475354,426,62
2014-11-26,78477282,421,63
2014-11-26,75251738,420,64
2014-11-26,15541192,419,65
2014-11-26,118282748,418,66
2014-11-26,105616401,417,67
2014-11-26,131573117,416,68
2014-11-26,15777503,414,69
2014-11-26,103504610,410,70
2014-11-26,27626311,408,71
2014-11-26,38141991,404,72
2014-11-26,122338823,402,73
2014-11-26,123995552,394,74
2014-11-26,86239261,389,75
2014-11-26,74577535,389,76
2014-11-26,116114060,387,77
2014-11-26,97464808,387,78
2014-11-26,52577851,385,79
2014-11-26,123848007,385,80
2014-11-26,52772551,384,81
2014-11-26,114734197,384,82
2014-11-26,83813302,382,83
2014-11-26,68150938,380,84
2014-11-26,131538712,380,85
2014-11-26,632347,375,86
2014-11-26,4361577,371,87
2014-11-26,51492142,371,88
2014-11-26,85164456,370,89
2014-11-26,83570876,367,90
2014-11-26,100397503,366,91
2014-11-26,4164359,362,92
2014-11-26,95118455,361,93
2014-11-26,49189810,357,94
2014-11-26,65961855,357,95
2014-11-26,58207544,357,96
2014-11-26,33463484,356,97
2014-11-26,28638001,356,98
2014-11-26,102663288,355,99
2014-11-26,45743550,354,100
2014-11-27,65645933,1400,1
2014-11-27,36233277,1211,2
2014-11-27,137463180,1135,3
2014-11-27,122462305,1004,4
2014-11-27,107209058,933,5
2014-11-27,7234861,877,6
2014-11-27,52772551,779,7
2014-11-27,59511789,765,8
2014-11-27,75251738,764,9
2014-11-27,19911284,754,10
2014-11-27,46428221,747,11
2014-11-27,3318666,729,12
2014-11-27,50904788,711,13
2014-11-27,137340803,699,14
2014-11-27,97073377,684,15
2014-11-27,95395131,676,16
2014-11-27,5315279,675,17
2014-11-27,140423268,670,18
2014-11-27,6345483,658,19
2014-11-27,73196588,623,20
2014-11-27,137175187,613,21
2014-11-27,86723232,612,22
2014-11-27,136769457,609,23
2014-11-27,51492142,604,24
2014-11-27,113283932,574,25
2014-11-27,45649071,568,26
2014-11-27,78331026,566,27
2014-11-27,83764719,559,28
2014-11-27,86239261,558,29
2014-11-27,117026591,540,30
2014-11-27,119652192,529,31
2014-11-27,15541192,529,32
2014-11-27,74314315,522,33
2014-11-27,103489606,519,34
2014-11-27,123842164,517,35
2014-11-27,130499060,511,36
2014-11-27,130547450,504,37
2014-11-27,83813302,498,38
2014-11-27,108212684,495,39
2014-11-27,126784328,494,40
2014-11-27,78329358,484,41
2014-11-27,38839327,476,42
2014-11-27,106342906,471,43
2014-11-27,117902605,466,44
2014-11-27,95244708,460,45
2014-11-27,58581609,458,46
2014-11-27,127619887,457,47
2014-11-27,53027024,452,48
2014-11-27,102418389,445,49
2014-11-27,127089112,442,50
2014-11-27,37671999,442,51
2014-11-27,74952849,440,52
2014-11-27,83735095,440,53
2014-11-27,54575694,439,54
2014-11-27,78477282,438,55
2014-11-27,23316310,437,56
2014-11-27,74285031,435,57
2014-11-27,76253363,433,58
2014-11-27,131573117,430,59
2014-11-27,29791483,428,60
2014-11-27,33116829,426,61
2014-11-27,34424883,426,62
2014-11-27,87642673,425,63
2014-11-27,123995552,422,64
2014-11-27,23326854,417,65
2014-11-27,23165095,414,66
2014-11-27,75500533,413,67
2014-11-27,99480990,410,68
2014-11-27,56462249,410,69
2014-11-27,100326985,409,70
2014-11-27,60625397,408,71
2014-11-27,59659116,403,72
2014-11-27,21978171,401,73
2014-11-27,58207544,400,74
2014-11-27,82259162,400,75
2014-11-27,125411948,398,76
2014-11-27,64614030,396,77
2014-11-27,66831202,395,78
2014-11-27,23442968,394,79
2014-11-27,19282406,393,80
2014-11-27,53080199,388,81
2014-11-27,68747316,387,82
2014-11-27,139220719,382,83
2014-11-27,92706593,380,84
2014-11-27,24217106,380,85
2014-11-27,59567091,379,86
2014-11-27,70913065,379,87
2014-11-27,94645713,376,88
2014-11-27,97464808,376,89
2014-11-27,52577851,376,90
2014-11-27,28739065,375,91
2014-11-27,11758356,372,92
2014-11-27,128671783,366,93
2014-11-27,12214179,365,94
2014-11-27,70876649,362,95
2014-11-27,67028419,361,96
2014-11-27,48793683,361,97
2014-11-27,31942750,360,98
2014-11-27,82902886,360,99
2014-11-27,57105532,358,100
2014-11-28,65645933,1474,1
2014-11-28,119652192,864,2
2014-11-28,116049086,855,3
2014-11-28,97951451,824,4
2014-11-28,73196588,784,5
2014-11-28,126784328,749,6
2014-11-28,4725269,734,7
2014-11-28,15541192,721,8
2014-11-28,5315279,708,9
2014-11-28,36233277,695,10
2014-11-28,83813302,636,11
2014-11-28,26052997,605,12
2014-11-28,122388121,604,13
2014-11-28,74314315,591,14
2014-11-28,52772551,555,15
2014-11-28,109005178,549,16
2014-11-28,1160607,543,17
2014-11-28,113283932,540,18
2014-11-28,86723232,533,19
2014-11-28,33797179,525,20
2014-11-28,39526193,515,21
2014-11-28,8325510,513,22
2014-11-28,58134314,511,23
2014-11-28,43864355,508,24
2014-11-28,70240139,503,25
2014-11-28,59511789,502,26
2014-11-28,113431690,501,27
2014-11-28,78074373,495,28
2014-11-28,15437545,492,29
2014-11-28,45649071,487,30
2014-11-28,120852545,487,31
2014-11-28,117026591,487,32
2014-11-28,139435539,480,33
2014-11-28,90331505,480,34
2014-11-28,56462249,480,35
2014-11-28,102930156,476,36
2014-11-28,109928088,476,37
2014-11-28,55192254,475,38
2014-11-28,57105532,473,39
2014-11-28,120457819,465,40
2014-11-28,103633934,464,41
2014-11-28,142168798,461,42
2014-11-28,45253676,453,43
2014-11-28,68249522,448,44
2014-11-28,122338823,446,45
2014-11-28,51341836,445,46
2014-11-28,3304327,445,47
2014-11-28,25678919,437,48
2014-11-28,57949136,437,49
2014-11-28,123250328,434,50
2014-11-28,12055347,432,51
2014-11-28,48677702,432,52
2014-11-28,20264430,430,53
2014-11-28,11758356,428,54
2014-11-28,33463484,410,55
2014-11-28,10864414,409,56
2014-11-28,57636921,407,57
2014-11-28,112711623,406,58
2014-11-28,86239261,406,59
2014-11-28,107487112,404,60
2014-11-28,138977388,402,61
2014-11-28,37671999,402,62
2014-11-28,80283819,398,63
2014-11-28,123450171,398,64
2014-11-28,51492142,392,65
2014-11-28,61626894,388,66
2014-11-28,64699430,387,67
2014-11-28,71929773,385,68
2014-11-28,87684947,384,69
2014-11-28,137850156,384,70
2014-11-28,108129951,382,71
2014-11-28,35709243,381,72
2014-11-28,3694961,380,73
2014-11-28,21868086,380,74
2014-11-28,93281824,377,75
2014-11-28,117902605,376,76
2014-11-28,59564210,375,77
2014-11-28,8197937,375,78
2014-11-28,66909500,375,79
2014-11-28,52660721,373,80
2014-11-28,7234861,372,81
2014-11-28,54575694,371,82
2014-11-28,128246403,371,83
2014-11-28,24033530,368,84
2014-11-28,90194475,367,85
2014-11-28,40211203,364,86
2014-11-28,47328088,362,87
2014-11-28,6345483,360,88
2014-11-28,54590569,358,89
2014-11-28,21978171,355,90
2014-11-28,86756157,355,91
2014-11-28,113078957,353,92
2014-11-28,85372457,352,93
2014-11-28,56376570,352,94
2014-11-28,58207544,349,95
2014-11-28,108212684,349,96
2014-11-28,44365875,346,97
2014-11-28,59567091,344,98
2014-11-28,110509780,344,99
2014-11-28,141600808,344,100
2014-11-29,44817147,1004,1
2014-11-29,87658501,977,2
2014-11-29,73196588,953,3
2014-11-29,86863108,928,4
2014-11-29,57105532,907,5
2014-11-29,12055347,851,6
2014-11-29,7234861,832,7
2014-11-29,80954170,825,8
2014-11-29,77306409,769,9
2014-11-29,28967361,748,10
2014-11-29,10864414,727,11
2014-11-29,36233277,725,12
2014-11-29,65645933,715,13
2014-11-29,15225710,709,14
2014-11-29,54725247,684,15
2014-11-29,103065950,681,16
2014-11-29,32562103,657,17
2014-11-29,100637858,657,18
2014-11-29,12628544,643,19
2014-11-29,70240139,638,20
2014-11-29,110883373,616,21
2014-11-29,52577851,606,22
2014-11-29,104003037,596,23
2014-11-29,78477282,595,24
2014-11-29,24033530,595,25
2014-11-29,39526193,593,26
2014-11-29,10705215,591,27
2014-11-29,98440358,577,28
2014-11-29,89428650,575,29
2014-11-29,122430841,575,30
2014-11-29,103781365,575,31
2014-11-29,83813302,571,32
2014-11-29,67822184,559,33
2014-11-29,142120051,555,34
2014-11-29,108212684,550,35
2014-11-29,97951451,546,36
2014-11-29,86723232,535,37
2014-11-29,35272739,510,38
2014-11-29,73138544,503,39
2014-11-29,139413160,503,40
2014-11-29,109097995,503,41
2014-11-29,104792616,503,42
2014-11-29,53080199,502,43
2014-11-29,26622553,498,44
2014-11-29,123848007,495,45
2014-11-29,82905542,489,46
2014-11-29,130576689,488,47
2014-11-29,109155337,488,48
2014-11-29,40973276,486,49
2014-11-29,71238931,485,50
2014-11-29,135402088,483,51
2014-11-29,128878698,477,52
2014-11-29,90924422,477,53
2014-11-29,85633095,471,54
2014-11-29,21193363,471,55
2014-11-29,10982501,462,56
2014-11-29,72214388,459,57
2014-11-29,21562611,454,58
2014-11-29,78074373,451,59
2014-11-29,47551029,443,60
2014-11-29,48677702,441,61
2014-11-29,67268928,426,62
2014-11-29,52559406,421,63
2014-11-29,111459626,414,64
2014-11-29,127698085,410,65
2014-11-29,95118455,407,66
2014-11-29,108846913,404,67
2014-11-29,26562102,403,68
2014-11-29,54423533,402,69
2014-11-29,131538712,402,70
2014-11-29,46428221,400,71
2014-11-29,35709243,399,72
2014-11-29,37648682,398,73
2014-11-29,21868086,398,74
2014-11-29,127089112,398,75
2014-11-29,31732015,395,76
2014-11-29,83976914,395,77
2014-11-29,78044909,393,78
2014-11-29,97073377,390,79
2014-11-29,52772551,390,80
2014-11-29,37671999,385,81
2014-11-29,137850156,384,82
2014-11-29,125411948,379,83
2014-11-29,71251121,378,84
2014-11-29,88110636,377,85
2014-11-29,86756157,376,86
2014-11-29,96504901,373,87
2014-11-29,8440456,372,88
2014-11-29,16332862,370,89
2014-11-29,89327430,369,90
2014-11-29,131573117,369,91
2014-11-29,86239261,364,92
2014-11-29,89931825,362,93
2014-11-29,22393155,359,94
2014-11-29,36932158,359,95
2014-11-29,124291848,358,96
2014-11-29,39427521,356,97
2014-11-29,74086991,353,98
2014-11-29,109939909,349,99
2014-11-29,46023224,347,100
2014-11-30,65645933,1121,1
2014-11-30,83960181,1068,2
2014-11-30,11680145,1016,3
2014-11-30,74285031,963,4
2014-11-30,52577851,868,5
2014-11-30,110883373,837,6
2014-11-30,73196588,800,7
2014-11-30,78477282,790,8
2014-11-30,135889836,774,9
2014-11-30,108212684,758,10
2014-11-30,23165095,728,11
2014-11-30,52772551,715,12
2014-11-30,4361577,695,13
2014-11-30,26622553,677,14
2014-11-30,82320644,666,15
2014-11-30,70240139,657,16
2014-11-30,117301497,646,17
2014-11-30,39108941,644,18
2014-11-30,107376559,632,19
2014-11-30,83813302,627,20
2014-11-30,48793683,616,21
2014-11-30,56690952,607,22
2014-11-30,83851924,605,23
2014-11-30,70889190,585,24
2014-11-30,86770260,579,25
2014-11-30,117026591,572,26
2014-11-30,38839327,570,27
2014-11-30,101748138,569,28
2014-11-30,93232888,552,29
2014-11-30,53027024,550,30
2014-11-30,113283932,548,31
2014-11-30,105616401,544,32
2014-11-30,117659143,544,33
2014-11-30,47874120,542,34
2014-11-30,141016162,537,35
2014-11-30,78571658,525,36
2014-11-30,78704357,513,37
2014-11-30,59567091,510,38
2014-11-30,97951451,510,39
2014-11-30,131785898,507,40
2014-11-30,53788912,505,41
2014-11-30,80481728,504,42
2014-11-30,36233277,504,43
2014-11-30,132203237,497,44
2014-11-30,82259162,496,45
2014-11-30,129809988,492,46
2014-11-30,56462249,483,47
2014-11-30,112142417,479,48
2014-11-30,106634442,475,49
2014-11-30,10864414,475,50
2014-11-30,37357777,474,51
2014-11-30,29791483,466,52
2014-11-30,12214179,464,53
2014-11-30,109928088,464,54
2014-11-30,89428650,455,55
2014-11-30,86756157,448,56
2014-11-30,106342906,446,57
2014-11-30,44806939,445,58
2014-11-30,38699008,445,59
2014-11-30,70876649,439,60
2014-11-30,59511789,439,61
2014-11-30,78074373,438,62
2014-11-30,82905542,438,63
2014-11-30,67942365,438,64
2014-11-30,92706593,438,65
2014-11-30,139435539,438,66
2014-11-30,142120051,437,67
2014-11-30,57636921,436,68
2014-11-30,140990654,434,69
2014-11-30,16911051,429,70
2014-11-30,7585996,427,71
2014-11-30,133680584,427,72
2014-11-30,10211498,421,73
2014-11-30,8679255,417,74
2014-11-30,100637858,417,75
2014-11-30,124291848,415,76
2014-11-30,31446692,413,77
2014-11-30,49394233,413,78
2014-11-30,97795315,411,79
2014-11-30,101435898,409,80
2014-11-30,117801453,406,81
2014-11-30,12746210,405,82
2014-11-30,23593325,405,83
2014-11-30,125912657,401,84
2014-11-30,3694961,400,85
2014-11-30,35745255,398,86
2014-11-30,77306409,397,87
2014-11-30,116720981,397,88
2014-11-30,116049086,394,89
2014-11-30,75500533,391,90
2014-11-30,83735095,388,91
2014-11-30,67822184,388,92
2014-11-30,87658501,388,93
2014-11-30,119137734,387,94
2014-11-30,24033530,386,95
2014-11-30,14982762,385,96
2014-11-30,74314315,385,97
2014-11-30,82575380,384,98
2014-11-30,17362237,384,99
2014-11-30,104003037,382,100
2014-12-01,36233277,1264,1
2014-12-01,65645933,1178,2
2014-12-01,7234861,1068,3
2014-12-01,30933630,1018,4
2014-12-01,54725247,962,5
2014-12-01,112142417,916,6
2014-12-01,116049086,909,7
2014-12-01,75500533,828,8
2014-12-01,71238931,788,9
2014-12-01,11361547,786,10
2014-12-01,67028419,756,11
2014-12-01,10211498,744,12
2014-12-01,86723232,720,13
2014-12-01,475826,716,14
2014-12-01,86770260,711,15
2014-12-01,38839327,699,16
2014-12-01,84465849,626,17
2014-12-01,56653402,611,18
2014-12-01,102930156,603,19
2014-12-01,52772551,587,20
2014-12-01,89931825,578,21
2014-12-01,20264430,565,22
2014-12-01,53080199,554,23
2014-12-01,53027024,551,24
2014-12-01,138735272,551,25
2014-12-01,115834991,526,26
2014-12-01,113283932,519,27
2014-12-01,87658501,517,28
2014-12-01,128878698,514,29
2014-12-01,139003263,507,30
2014-12-01,137175187,507,31
2014-12-01,118330286,503,32
2014-12-01,79807626,502,33
2014-12-01,83073587,500,34
2014-12-01,83960181,496,35
2014-12-01,26720422,493,36
2014-12-01,119137734,480,37
2014-12-01,77339861,476,38
2014-12-01,73196588,476,39
2014-12-01,72753801,475,40
2014-12-01,34424883,467,41
2014-12-01,97073377,463,42
2014-12-01,79253885,463,43
2014-12-01,58812216,459,44
2014-12-01,123450171,458,45
2014-12-01,63329418,455,46
2014-12-01,108317810,454,47
2014-12-01,124614349,453,48
2014-12-01,67085594,450,49
2014-12-01,83813302,447,50
2014-12-01,16676403,446,51
2014-12-01,65340227,443,52
2014-12-01,141143284,443,53
2014-12-01,139435539,437,54
2014-12-01,104569658,435,55
2014-12-01,73042603,430,56
2014-12-01,102011432,430,57
2014-12-01,37357777,430,58
2014-12-01,59567091,428,59
2014-12-01,3318666,426,60
2014-12-01,124926433,423,61
2014-12-01,81586383,423,62
2014-12-01,90924422,420,63
2014-12-01,122822446,419,64
2014-12-01,16911051,418,65
2014-12-01,139220719,418,66
2014-12-01,70913065,413,67
2014-12-01,79269988,411,68
2014-12-01,78329358,406,69
2014-12-01,89249164,405,70
2014-12-01,96838576,404,71
2014-12-01,21465106,402,72
2014-12-01,19277570,396,73
2014-12-01,63625417,396,74
2014-12-01,140423268,396,75
2014-12-01,121528560,391,76
2014-12-01,51435164,390,77
2014-12-01,142120051,389,78
2014-12-01,29791483,386,79
2014-12-01,106863941,386,80
2014-12-01,53227937,382,81
2014-12-01,82320644,379,82
2014-12-01,85336332,378,83
2014-12-01,15777503,378,84
2014-12-01,26622553,377,85
2014-12-01,91339068,376,86
2014-12-01,24033530,373,87
2014-12-01,8440456,372,88
2014-12-01,6504113,371,89
2014-12-01,104735935,367,90
2014-12-01,79463651,364,91
2014-12-01,116101597,364,92
2014-12-01,57447913,364,93
2014-12-01,120986091,364,94
2014-12-01,19146119,364,95
2014-12-01,91496013,362,96
2014-12-01,128476994,362,97
2014-12-01,137484826,359,98
2014-12-01,97951451,359,99
2014-12-01,6814789,358,100
2014-12-02,7234861,1492,1
2014-12-02,38839327,1333,2
2014-12-02,106416249,987,3
2014-12-02,71238931,940,4
2014-12-02,56560718,923,5
2014-12-02,116049086,908,6
2014-12-02,56653402,875,7
2014-12-02,112142417,871,8
2014-12-02,53027024,829,9
2014-12-02,116101597,816,10
2014-12-02,133240213,813,11
2014-12-02,36233277,788,12
2014-12-02,34553782,763,13
2014-12-02,65645933,698,14
2014-12-02,83813302,676,15
2014-12-02,139435539,669,16
2014-12-02,113283932,661,17
2014-12-02,138977388,652,18
2014-12-02,52577851,623,19
2014-12-02,130270245,617,20
2014-12-02,78329358,590,21
2014-12-02,26720422,577,22
2014-12-02,70913065,568,23
2014-12-02,53080199,564,24
2014-12-02,67028419,561,25
2014-12-02,74694804,535,26
2014-12-02,73196588,529,27
2014-12-02,15541192,527,28
2014-12-02,33984927,515,29
2014-12-02,4225412,514,30
2014-12-02,19911284,511,31
2014-12-02,83976914,509,32
2014-12-02,131787268,507,33
2014-12-02,80954170,499,34
2014-12-02,83802493,495,35
2014-12-02,130540064,488,36
2014-12-02,91496013,486,37
2014-12-02,80481728,476,38
2014-12-02,11415302,472,39
2014-12-02,26857141,468,40
2014-12-02,48677702,467,41
2014-12-02,103472750,463,42
2014-12-02,53708814,460,43
2014-12-02,49394233,459,44
2014-12-02,120986091,456,45
2014-12-02,30933630,455,46
2014-12-02,122430841,453,47
2014-12-02,52957351,449,48
2014-12-02,123842164,447,49
2014-12-02,52505405,445,50
2014-12-02,24219008,444,51
2014-12-02,65087297,444,52
2014-12-02,36497409,440,53
2014-12-02,34424883,440,54
2014-12-02,47551029,440,55
2014-12-02,22992522,438,56
2014-12-02,133425852,438,57
2014-12-02,86723232,438,58
2014-12-02,3694961,437,59
2014-12-02,133922654,432,60
2014-12-02,132731360,428,61
2014-12-02,52772551,428,62
2014-12-02,14447131,418,63
2014-12-02,131573117,418,64
2014-12-02,109084676,415,65
2014-12-02,139220719,415,66
2014-12-02,55192254,414,67
2014-12-02,70240139,412,68
2014-12-02,117902605,412,69
2014-12-02,100929958,406,70
2014-12-02,47328088,405,71
2014-12-02,120305341,404,72
2014-12-02,100637858,401,73
2014-12-02,67085594,400,74
2014-12-02,90924422,399,75
2014-12-02,62360262,395,76
2014-12-02,128055612,393,77
2014-12-02,116720981,393,78
2014-12-02,104003037,388,79
2014-12-02,83570876,386,80
2014-12-02,497764,385,81
2014-12-02,91222505,382,82
2014-12-02,106498387,382,83
2014-12-02,31456519,381,84
2014-12-02,81500257,379,85
2014-12-02,137175187,379,86
2014-12-02,50346435,375,87
2014-12-02,82905542,374,88
2014-12-02,127619887,371,89
2014-12-02,54423533,371,90
2014-12-02,95118455,369,91
2014-12-02,70876649,366,92
2014-12-02,74314315,362,93
2014-12-02,82335494,361,94
2014-12-02,15437545,359,95
2014-12-02,103767458,356,96
2014-12-02,115275150,354,97
2014-12-02,27850931,353,98
2014-12-02,20849275,352,99
2014-12-02,84566857,352,100
2014-12-03,9500401,1701,1
2014-12-03,56653402,1174,2
2014-12-03,65645933,1087,3
2014-12-03,83813302,961,4
2014-12-03,38839327,858,5
2014-12-03,79253885,855,6
2014-12-03,91729153,843,7
2014-12-03,11361547,827,8
2014-12-03,52577851,823,9
2014-12-03,119653720,799,10
2014-12-03,56560718,782,11
2014-12-03,126399162,711,12
2014-12-03,475826,708,13
2014-12-03,71238931,695,14
2014-12-03,137175187,693,15
2014-12-03,89931825,679,16
2014-12-03,37648682,669,17
2014-12-03,23958465,668,18
2014-12-03,116049086,653,19
2014-12-03,34424883,634,20
2014-12-03,78477282,628,21
2014-12-03,130270245,623,22
2014-12-03,29791483,620,23
2014-12-03,15777503,616,24
2014-12-03,53027024,615,25
2014-12-03,108212684,610,26
2014-12-03,94428036,574,27
2014-12-03,83688949,565,28
2014-12-03,123450171,560,29
2014-12-03,118525064,551,30
2014-12-03,29383294,543,31
2014-12-03,26720422,532,32
2014-12-03,49394233,529,33
2014-12-03,53080199,525,34
2014-12-03,36808723,521,35
2014-12-03,106416249,515,36
2014-12-03,102281568,511,37
2014-12-03,33682194,509,38
2014-12-03,133240213,506,39
2014-12-03,110509780,504,40
2014-12-03,141976720,504,41
2014-12-03,74694804,499,42
2014-12-03,71929773,498,43
2014-12-03,122430841,496,44
2014-12-03,97838802,488,45
2014-12-03,73196588,481,46
2014-12-03,8325510,478,47
2014-12-03,137850156,477,48
2014-12-03,138301582,476,49
2014-12-03,19708378,473,50
2014-12-03,90035027,471,51
2014-12-03,123250328,464,52
2014-12-03,84465849,461,53
2014-12-03,15957740,459,54
2014-12-03,70240139,453,55
2014-12-03,17552766,452,56
2014-12-03,51435164,447,57
2014-12-03,100816273,445,58
2014-12-03,125411948,441,59
2014-12-03,6345483,441,60
2014-12-03,103439105,437,61
2014-12-03,67028419,435,62
2014-12-03,101698393,431,63
2014-12-03,36233277,429,64
2014-12-03,79269988,424,65
2014-12-03,82320644,424,66
2014-12-03,54007195,422,67
2014-12-03,3694961,418,68
2014-12-03,59422637,418,69
2014-12-03,107047436,418,70
2014-12-03,79587494,415,71
2014-12-03,116720981,414,72
2014-12-03,5478302,409,73
2014-12-03,86785531,405,74
2014-12-03,21465106,404,75
2014-12-03,133425852,403,76
2014-12-03,116936810,403,77
2014-12-03,105460457,401,78
2014-12-03,77443046,400,79
2014-12-03,88503688,398,80
2014-12-03,74952849,396,81
2014-12-03,37671999,396,82
2014-12-03,115374204,395,83
2014-12-03,4225412,393,84
2014-12-03,27625049,393,85
2014-12-03,94514932,390,86
2014-12-03,91339068,390,87
2014-12-03,10297132,389,88
2014-12-03,98583943,388,89
2014-12-03,95528086,387,90
2014-12-03,77374787,384,91
2014-12-03,3442818,384,92
2014-12-03,131538712,382,93
2014-12-03,139435539,381,94
2014-12-03,82705001,379,95
2014-12-03,33463484,377,96
2014-12-03,31663890,374,97
2014-12-03,41986655,374,98
2014-12-03,3512329,373,99
2014-12-03,82259162,373,100
2014-12-04,7234861,1912,1
2014-12-04,65645933,1257,2
2014-12-04,23165095,1124,3
2014-12-04,122388121,1075,4
2014-12-04,108212684,1048,5
2014-12-04,100637858,959,6
2014-12-04,3318666,931,7
2014-12-04,139220719,840,8
2014-12-04,34553782,782,9
2014-12-04,9500401,755,10
2014-12-04,34163245,751,11
2014-12-04,475826,747,12
2014-12-04,130576689,746,13
2014-12-04,78329358,735,14
2014-12-04,48793683,723,15
2014-12-04,37648682,721,16
2014-12-04,36233277,718,17
2014-12-04,75916920,690,18
2014-12-04,26720422,679,19
2014-12-04,12472346,663,20
2014-12-04,3694961,662,21
2014-12-04,66274733,633,22
2014-12-04,21233965,624,23
2014-12-04,133888509,590,24
2014-12-04,74752035,581,25
2014-12-04,117718025,579,26
2014-12-04,30933630,578,27
2014-12-04,29791483,556,28
2014-12-04,51326262,545,29
2014-12-04,19803129,542,30
2014-12-04,122338823,542,31
2014-12-04,134580497,537,32
2014-12-04,35860790,534,33
2014-12-04,71238931,534,34
2014-12-04,102930156,531,35
2014-12-04,30838173,529,36
2014-12-04,39526193,525,37
2014-12-04,116049086,525,38
2014-12-04,132203237,523,39
2014-12-04,59511789,519,40
2014-12-04,52577851,508,41
2014-12-04,80481913,504,42
2014-12-04,134437265,497,43
2014-12-04,106498387,497,44
2014-12-04,126784328,494,45
2014-12-04,33463484,482,46
2014-12-04,1725399,482,47
2014-12-04,16676403,477,48
2014-12-04,118330286,476,49
2014-12-04,36574688,474,50
2014-12-04,137175187,471,51
2014-12-04,123842164,468,52
2014-12-04,29320594,465,53
2014-12-04,95118455,463,54
2014-12-04,121528560,459,55
2014-12-04,69599332,455,56
2014-12-04,103439105,451,57
2014-12-04,81245680,449,58
2014-12-04,78704357,447,59
2014-12-04,70913065,445,60
2014-12-04,73196588,440,61
2014-12-04,104569658,438,62
2014-12-04,41286340,437,63
2014-12-04,123450171,433,64
2014-12-04,114121871,433,65
2014-12-04,113445602,431,66
2014-12-04,99346682,429,67
2014-12-04,71929773,429,68
2014-12-04,15171548,428,69
2014-12-04,18004160,427,70
2014-12-04,43051852,426,71
2014-12-04,71251121,423,72
2014-12-04,46133505,421,73
2014-12-04,86785531,418,74
2014-12-04,100929958,415,75
2014-12-04,8350359,412,76
2014-12-04,126399162,411,77
2014-12-04,88110636,409,78
2014-12-04,106863941,404,79
2014-12-04,95528086,401,80
2014-12-04,113693068,398,81
2014-12-04,100816273,396,82
2014-12-04,116101597,395,83
2014-12-04,68412184,395,84
2014-12-04,23591123,394,85
2014-12-04,105919960,394,86
2014-12-04,112125475,394,87
2014-12-04,87475354,393,88
2014-12-04,60625397,392,89
2014-12-04,36497409,392,90
2014-12-04,106090167,391,91
2014-12-04,19911284,388,92
2014-12-04,83813302,387,93
2014-12-04,91496013,384,94
2014-12-04,142120051,379,95
2014-12-04,51492142,377,96
2014-12-04,3512329,377,97
2014-12-04,24288984,375,98
2014-12-04,106634442,373,99
2014-12-04,83688949,369,100
2014-12-05,120962802,1601,1
2014-12-05,36233277,1546,2
2014-12-05,21035609,1117,3
2014-12-05,9500401,1104,4
2014-12-05,122183715,868,5
2014-12-05,65645933,783,6
2014-12-05,74752035,775,7
2014-12-05,97464808,754,8
2014-12-05,93389385,736,9
2014-12-05,38839327,685,10
2014-12-05,122388121,675,11
2014-12-05,7234861,649,12
2014-12-05,5315279,648,13
2014-12-05,106498387,648,14
2014-12-05,23165095,640,15
2014-12-05,84465849,639,16
2014-12-05,90690816,602,17
2014-12-05,95528086,601,18
2014-12-05,115343862,579,19
2014-12-05,130576689,574,20
2014-12-05,14447131,573,21
2014-12-05,33463484,569,22
2014-12-05,34163245,565,23
2014-12-05,123848007,561,24
2014-12-05,12684051,549,25
2014-12-05,131573117,542,26
2014-12-05,132203237,536,27
2014-12-05,91496013,524,28
2014-12-05,128878698,517,29
2014-12-05,28967361,506,30
2014-12-05,11361547,506,31
2014-12-05,36497409,505,32
2014-12-05,29791483,503,33
2014-12-05,67202688,499,34
2014-12-05,59511789,497,35
2014-12-05,107047436,485,36
2014-12-05,137204928,484,37
2014-12-05,82960193,458,38
2014-12-05,93842000,457,39
2014-12-05,26720422,440,40
2014-12-05,59567091,439,41
2014-12-05,83851924,437,42
2014-12-05,105616401,436,43
2014-12-05,20264430,433,44
2014-12-05,135402088,430,45
2014-12-05,131930045,425,46
2014-12-05,116101597,420,47
2014-12-05,47060411,415,48
2014-12-05,54168401,413,49
2014-12-05,122822446,411,50
2014-12-05,137175187,405,51
2014-12-05,125823342,403,52
2014-12-05,19368976,402,53
2014-12-05,73196588,400,54
2014-12-05,133240213,400,55
2014-12-05,99272840,397,56
2014-12-05,103439105,392,57
2014-12-05,31456519,390,58
2014-12-05,50197899,390,59
2014-12-05,77374787,388,60
2014-12-05,115834991,388,61
2014-12-05,23591123,385,62
2014-12-05,83813302,379,63
2014-12-05,108070698,379,64
2014-12-05,124830295,379,65
2014-12-05,118051628,375,66
2014-12-05,79587494,375,67
2014-12-05,11682531,375,68
2014-12-05,1926899,371,69
2014-12-05,51435164,367,70
2014-12-05,39413973,367,71
2014-12-05,123842164,366,72
2014-12-05,97390150,365,73
2014-12-05,85822276,364,74
2014-12-05,57105532,362,75
2014-12-05,82905542,359,76
2014-12-05,47328088,359,77
2014-12-05,77587823,356,78
2014-12-05,74314315,355,79
2014-12-05,89153511,355,80
2014-12-05,136769457,355,81
2014-12-05,102663288,353,82
2014-12-05,139435539,352,83
2014-12-05,51326262,352,84
2014-12-05,10887844,348,85
2014-12-05,83688949,347,86
2014-12-05,121306092,345,87
2014-12-05,8917150,343,88
2014-12-05,21978171,342,89
2014-12-05,26562102,342,90
2014-12-05,16807373,341,91
2014-12-05,8205078,341,92
2014-12-05,26081392,338,93
2014-12-05,85031011,337,94
2014-12-05,51492142,337,95
2014-12-05,42599112,336,96
2014-12-05,92928708,335,97
2014-12-05,29245673,334,98
2014-12-05,82389748,333,99
2014-12-05,105744471,333,100
2014-12-06,36233277,2469,1
2014-12-06,130270245,1443,2
2014-12-06,74952849,1106,3
2014-12-06,34424883,1069,4
2014-12-06,119990802,1059,5
2014-12-06,11412443,1016,6
2014-12-06,65645933,960,7
2014-12-06,56690952,856,8
2014-12-06,7234861,848,9
2014-12-06,17785864,751,10
2014-12-06,123842164,710,11
2014-12-06,21978171,707,12
2014-12-06,73196588,693,13
2014-12-06,70240139,651,14
2014-12-06,89931825,650,15
2014-12-06,95528086,649,16
2014-12-06,139413160,618,17
2014-12-06,137175187,601,18
2014-12-06,28638001,583,19
2014-12-06,47428428,583,20
2014-12-06,37357777,577,21
2014-12-06,3694961,576,22
2014-12-06,77374787,572,23
2014-12-06,52577851,546,24
2014-12-06,64708133,545,25
2014-12-06,11361547,545,26
2014-12-06,16676403,533,27
2014-12-06,92928708,530,28
2014-12-06,138100684,529,29
2014-12-06,106416249,524,30
2014-12-06,27840504,522,31
2014-12-06,97427779,517,32
2014-12-06,100637858,512,33
2014-12-06,6345483,511,34
2014-12-06,74752035,509,35
2014-12-06,53027024,504,36
2014-12-06,73455580,503,37
2014-12-06,110883373,501,38
2014-12-06,79134636,498,39
2014-12-06,130547450,498,40
2014-12-06,21824858,498,41
2014-12-06,37671999,492,42
2014-12-06,82905542,492,43
2014-12-06,36497409,488,44
2014-12-06,69599332,485,45
2014-12-06,109280382,484,46
2014-12-06,52772551,479,47
2014-12-06,43051852,477,48
2014-12-06,88120786,474,49
2014-12-06,78571658,468,50
2014-12-06,81964332,467,51
2014-12-06,21233965,467,52
2014-12-06,119675939,462,53
2014-12-06,133240213,460,54
2014-12-06,33797179,460,55
2014-12-06,129894791,459,56
2014-12-06,118051628,458,57
2014-12-06,12055347,457,58
2014-12-06,17362237,456,59
2014-12-06,108070698,456,60
2014-12-06,117961451,456,61
2014-12-06,73462715,454,62
2014-12-06,140535667,453,63
2014-12-06,131930045,444,64
2014-12-06,21465106,440,65
2014-12-06,40211203,440,66
2014-12-06,46428221,437,67
2014-12-06,139435539,432,68
2014-12-06,103504610,428,69
2014-12-06,20786149,427,70
2014-12-06,24217106,426,71
2014-12-06,3318666,425,72
2014-12-06,4364079,423,73
2014-12-06,44806939,421,74
2014-12-06,87603845,415,75
2014-12-06,124561281,414,76
2014-12-06,37305183,411,77
2014-12-06,85822276,410,78
2014-12-06,67514411,410,79
2014-12-06,122150914,409,80
2014-12-06,85308332,407,81
2014-12-06,57607228,407,82
2014-12-06,120962802,404,83
2014-12-06,12684051,400,84
2014-12-06,75321622,398,85
2014-12-06,77868658,398,86
2014-12-06,30933630,396,87
2014-12-06,116867259,395,88
2014-12-06,61068008,393,89
2014-12-06,125193088,392,90
2014-12-06,92892459,389,91
2014-12-06,83813302,389,92
2014-12-06,100326985,389,93
2014-12-06,37648682,386,94
2014-12-06,57105532,386,95
2014-12-06,35709243,386,96
2014-12-06,51492142,385,97
2014-12-06,59511789,381,98
2014-12-06,60032762,377,99
2014-12-06,9774692,375,100
2014-12-07,36233277,1529,1
2014-12-07,65645933,1108,2
2014-12-07,74952849,977,3
2014-12-07,74314315,969,4
2014-12-07,130270245,946,5
2014-12-07,37648682,816,6
2014-12-07,3282021,797,7
2014-12-07,104569658,758,8
2014-12-07,77055357,750,9
2014-12-07,32059002,746,10
2014-12-07,137175187,733,11
2014-12-07,118525064,730,12
2014-12-07,21978171,716,13
2014-12-07,74752035,699,14
2014-12-07,67028419,684,15
2014-12-07,26720422,673,16
2014-12-07,52577851,652,17
2014-12-07,71251121,635,18
2014-12-07,16911051,628,19
2014-12-07,59567091,593,20
2014-12-07,4364079,591,21
2014-12-07,12940608,587,22
2014-12-07,19831033,582,23
2014-12-07,123842164,582,24
2014-12-07,73196588,571,25
2014-12-07,52580712,566,26
2014-12-07,25275595,562,27
2014-12-07,83851924,551,28
2014-12-07,31446692,550,29
2014-12-07,33463484,549,30
2014-12-07,51341836,549,31
2014-12-07,36593288,541,32
2014-12-07,70240139,539,33
2014-12-07,34305614,532,34
2014-12-07,13254648,516,35
2014-12-07,101287551,507,36
2014-12-07,141600808,507,37
2014-12-07,116049086,505,38
2014-12-07,122990070,504,39
2014-12-07,87942719,503,40
2014-12-07,140535667,503,41
2014-12-07,77374787,495,42
2014-12-07,67268928,494,43
2014-12-07,35745255,494,44
2014-12-07,89083541,490,45
2014-12-07,7030262,476,46
2014-12-07,84892889,468,47
2014-12-07,112142417,468,48
2014-12-07,11412443,456,49
2014-12-07,83954147,453,50
2014-12-07,52895098,449,51
2014-12-07,102897084,448,52
2014-12-07,120378933,448,53
2014-12-07,22577104,447,54
2014-12-07,100326985,442,55
2014-12-07,56708793,440,56
2014-12-07,78477282,440,57
2014-12-07,60625397,439,58
2014-12-07,54003632,438,59
2014-12-07,133151533,438,60
2014-12-07,11680145,436,61
2014-12-07,56690952,435,62
2014-12-07,90035027,433,63
2014-12-07,139435539,433,64
2014-12-07,93842000,431,65
2014-12-07,87413989,431,66
2014-12-07,47328088,431,67
2014-12-07,24062806,430,68
2014-12-07,30933630,427,69
2014-12-07,75225256,426,70
2014-12-07,124210329,417,71
2014-12-07,84465849,415,72
2014-12-07,137998405,415,73
2014-12-07,117026591,413,74
2014-12-07,125441035,405,75
2014-12-07,133240213,405,76
2014-12-07,91496013,404,77
2014-12-07,119675939,404,78
2014-12-07,137829350,402,79
2014-12-07,12570225,401,80
2014-12-07,29160893,396,81
2014-12-07,132308943,396,82
2014-12-07,103504610,395,83
2014-12-07,140483725,393,84
2014-12-07,213655,393,85
2014-12-07,8354126,393,86
2014-12-07,137204928,391,87
2014-12-07,106498387,387,88
2014-12-07,33303512,384,89
2014-12-07,13745443,382,90
2014-12-07,128002749,380,91
2014-12-07,54554843,375,92
2014-12-07,79057120,373,93
2014-12-07,57105532,369,94
2014-12-07,117961451,369,95
2014-12-07,76253363,368,96
2014-12-07,7585996,368,97
2014-12-07,26460336,367,98
2014-12-07,57981025,367,99
2014-12-07,142450275,366,100
2014-12-08,36233277,1259,1
2014-12-08,11361547,933,2
2014-12-08,59511789,724,3
2014-12-08,77374787,711,4
2014-12-08,124291848,682,5
2014-12-08,130576689,671,6
2014-12-08,48908899,661,7
2014-12-08,71238931,654,8
2014-12-08,122338823,634,9
2014-12-08,23014965,618,10
2014-12-08,20849275,605,11
2014-12-08,36497409,600,12
2014-12-08,20786149,583,13
2014-12-08,37648682,577,14
2014-12-08,115343862,557,15
2014-12-08,8354126,556,16
2014-12-08,95118455,550,17
2014-12-08,31190628,549,18
2014-12-08,3282021,543,19
2014-12-08,137175187,540,20
2014-12-08,106498387,536,21
2014-12-08,73196588,534,22
2014-12-08,65645933,531,23
2014-12-08,110883373,528,24
2014-12-08,106090167,527,25
2014-12-08,108770715,525,26
2014-12-08,140535667,523,27
2014-12-08,15957740,518,28
2014-12-08,8886191,513,29
2014-12-08,6345483,508,30
2014-12-08,97073377,506,31
2014-12-08,93842000,500,32
2014-12-08,136009227,498,33
2014-12-08,16911051,498,34
2014-12-08,24062806,498,35
2014-12-08,67268928,496,36
2014-12-08,116259421,489,37
2014-12-08,119149297,485,38
2014-12-08,867381,479,39
2014-12-08,46428221,474,40
2014-12-08,25275595,473,41
2014-12-08,89962630,472,42
2014-12-08,59567091,465,43
2014-12-08,19282406,464,44
2014-12-08,83813302,464,45
2014-12-08,123842164,463,46
2014-12-08,28373415,463,47
2014-12-08,140780237,462,48
2014-12-08,142450275,462,49
2014-12-08,52577851,460,50
2014-12-08,38839327,456,51
2014-12-08,141444223,455,52
2014-12-08,37357777,454,53
2014-12-08,108748058,453,54
2014-12-08,125411948,452,55
2014-12-08,56462249,448,56
2014-12-08,107376559,443,57
2014-12-08,55381200,438,58
2014-12-08,20543670,434,59
2014-12-08,126143015,434,60
2014-12-08,131573117,432,61
2014-12-08,37671999,429,62
2014-12-08,36574688,424,63
2014-12-08,33463484,422,64
2014-12-08,24217106,418,65
2014-12-08,130041655,418,66
2014-12-08,130270245,414,67
2014-12-08,77055357,412,68
2014-12-08,77868658,410,69
2014-12-08,35709243,409,70
2014-12-08,87413989,406,71
2014-12-08,115540691,402,72
2014-12-08,77339861,400,73
2014-12-08,81586383,399,74
2014-12-08,127973228,397,75
2014-12-08,118562608,397,76
2014-12-08,67155716,396,77
2014-12-08,51435164,393,78
2014-12-08,51492142,390,79
2014-12-08,114341373,389,80
2014-12-08,92706593,388,81
2014-12-08,142120051,387,82
2014-12-08,140906142,387,83
2014-12-08,131283302,386,84
2014-12-08,100917596,383,85
2014-12-08,18728199,382,86
2014-12-08,107323711,380,87
2014-12-08,11313328,378,88
2014-12-08,138505346,377,89
2014-12-08,1926899,376,90
2014-12-08,105397406,376,91
2014-12-08,17362237,374,92
2014-12-08,86711898,373,93
2014-12-08,113104667,371,94
2014-12-08,17341591,370,95
2014-12-08,15171548,367,96
2014-12-08,58437782,365,97
2014-12-08,21070014,354,98
2014-12-08,107874169,354,99
2014-12-08,74314315,353,100
2014-12-09,130270245,2588,1
2014-12-09,45649071,1717,2
2014-12-09,115159934,1033,3
2014-12-09,6345483,984,4
2014-12-09,24062806,890,5
2014-12-09,20786149,866,6
2014-12-09,83813302,841,7
2014-12-09,55381200,819,8
2014-12-09,9639120,750,9
2014-12-09,59511789,719,10
2014-12-09,3065306,688,11
2014-12-09,110883373,683,12
2014-12-09,133888509,681,13
2014-12-09,65645933,677,14
2014-12-09,123848007,672,15
2014-12-09,124291848,652,16
2014-12-09,53560831,644,17
2014-12-09,23165095,619,18
2014-12-09,114773562,602,19
2014-12-09,18216712,600,20
2014-12-09,122338823,593,21
2014-12-09,124210329,585,22
2014-12-09,8354126,572,23
2014-12-09,37357777,572,24
2014-12-09,85822276,570,25
2014-12-09,79807626,545,26
2014-12-09,37780288,545,27
2014-12-09,36233277,543,28
2014-12-09,22962826,540,29
2014-12-09,73196588,537,30
2014-12-09,47293396,529,31
2014-12-09,106863941,526,32
2014-12-09,2502524,508,33
2014-12-09,99529968,498,34
2014-12-09,91496013,497,35
2014-12-09,11197151,489,36
2014-12-09,53080199,472,37
2014-12-09,78571658,472,38
2014-12-09,33797179,471,39
2014-12-09,74314315,469,40
2014-12-09,86770260,462,41
2014-12-09,102974755,461,42
2014-12-09,95885873,457,43
2014-12-09,92928708,451,44
2014-12-09,112125475,450,45
2014-12-09,142120051,450,46
2014-12-09,72375683,450,47
2014-12-09,120329032,447,48
2014-12-09,111595300,445,49
2014-12-09,61626894,445,50
2014-12-09,21978171,444,51
2014-12-09,16807373,443,52
2014-12-09,141840594,442,53
2014-12-09,82575380,439,54
2014-12-09,62360262,437,55
2014-12-09,33463484,434,56
2014-12-09,5315279,433,57
2014-12-09,79587494,433,58
2014-12-09,84698728,430,59
2014-12-09,33984927,429,60
2014-12-09,67028419,427,61
2014-12-09,115540691,425,62
2014-12-09,81245680,422,63
2014-12-09,43051852,422,64
2014-12-09,28975138,420,65
2014-12-09,91731364,417,66
2014-12-09,77339861,416,67
2014-12-09,120812517,416,68
2014-12-09,79062073,412,69
2014-12-09,58812216,411,70
2014-12-09,139725346,410,71
2014-12-09,86239261,406,72
2014-12-09,31190628,406,73
2014-12-09,38588481,402,74
2014-12-09,48793683,402,75
2014-12-09,3694961,401,76
2014-12-09,21875488,399,77
2014-12-09,56653402,398,78
2014-12-09,97795315,398,79
2014-12-09,139435539,395,80
2014-12-09,104569658,392,81
2014-12-09,80481728,392,82
2014-12-09,60625397,391,83
2014-12-09,125411948,389,84
2014-12-09,106090167,387,85
2014-12-09,11361547,385,86
2014-12-09,85447850,383,87
2014-12-09,103781365,383,88
2014-12-09,105744471,382,89
2014-12-09,51435164,382,90
2014-12-09,36593288,379,91
2014-12-09,15957740,376,92
2014-12-09,71929773,369,93
2014-12-09,133240213,366,94
2014-12-09,5478302,364,95
2014-12-09,65949028,360,96
2014-12-09,133425852,354,97
2014-12-09,100159569,353,98
2014-12-09,47874120,353,99
2014-12-09,65116781,352,100
2014-12-10,131283302,1100,1
2014-12-10,130270245,1067,2
2014-12-10,45649071,1010,3
2014-12-10,65645933,1002,4
2014-12-10,5315279,970,5
2014-12-10,91496013,901,6
2014-12-10,43250746,819,7
2014-12-10,36233277,819,8
2014-12-10,71929773,789,9
2014-12-10,29383294,787,10
2014-12-10,59511789,769,11
2014-12-10,125823342,737,12
2014-12-10,82575380,728,13
2014-12-10,9639120,727,14
2014-12-10,24752182,719,15
2014-12-10,11197151,710,16
2014-12-10,37671999,694,17
2014-12-10,48793683,691,18
2014-12-10,37357777,674,19
2014-12-10,65961855,673,20
2014-12-10,83813302,664,21
2014-12-10,11683492,663,22
2014-12-10,39526193,662,23
2014-12-10,8354126,656,24
2014-12-10,21978171,644,25
2014-12-10,24062806,638,26
2014-12-10,7397337,620,27
2014-12-10,124210329,615,28
2014-12-10,118330286,611,29
2014-12-10,89931825,610,30
2014-12-10,92706593,606,31
2014-12-10,83688949,606,32
2014-12-10,121306092,596,33
2014-12-10,81611585,575,34
2014-12-10,110374516,569,35
2014-12-10,77055357,568,36
2014-12-10,46133505,567,37
2014-12-10,81612967,565,38
2014-12-10,108212684,565,39
2014-12-10,75821100,562,40
2014-12-10,117718025,561,41
2014-12-10,78571658,554,42
2014-12-10,11361547,554,43
2014-12-10,15957740,546,44
2014-12-10,84465849,545,45
2014-12-10,4225412,539,46
2014-12-10,119652192,537,47
2014-12-10,29245673,533,48
2014-12-10,88496472,532,49
2014-12-10,131573117,531,50
2014-12-10,124259296,530,51
2014-12-10,36593288,527,52
2014-12-10,108770715,522,53
2014-12-10,74086991,518,54
2014-12-10,45743550,517,55
2014-12-10,141976720,516,56
2014-12-10,90035027,512,57
2014-12-10,106090167,510,58
2014-12-10,129377104,509,59
2014-12-10,18781926,505,60
2014-12-10,9219164,502,61
2014-12-10,125912657,501,62
2014-12-10,83735095,500,63
2014-12-10,105616401,498,64
2014-12-10,92928708,491,65
2014-12-10,137905112,490,66
2014-12-10,867381,489,67
2014-12-10,6345483,485,68
2014-12-10,66150030,482,69
2014-12-10,56462249,480,70
2014-12-10,89083541,480,71
2014-12-10,21562611,478,72
2014-12-10,141600808,477,73
2014-12-10,122338823,474,74
2014-12-10,63052028,472,75
2014-12-10,82960193,464,76
2014-12-10,102033461,463,77
2014-12-10,17341591,461,78
2014-12-10,118056913,456,79
2014-12-10,124614349,451,80
2014-12-10,105744471,450,81
2014-12-10,48908899,450,82
2014-12-10,2502524,442,83
2014-12-10,50904788,438,84
2014-12-10,51492142,436,85
2014-12-10,136616127,435,86
2014-12-10,52891027,432,87
2014-12-10,122388121,430,88
2014-12-10,59915320,426,89
2014-12-10,19708378,425,90
2014-12-10,3694961,423,91
2014-12-10,142120051,420,92
2014-12-10,191366,417,93
2014-12-10,110883373,416,94
2014-12-10,82905542,416,95
2014-12-10,75251738,415,96
2014-12-10,73870155,410,97
2014-12-10,36513563,408,98
2014-12-10,22369795,403,99
2014-12-10,95237027,397,100
2014-12-11,65645933,1298,1
2014-12-11,130270245,1274,2
2014-12-11,20786149,1173,3
2014-12-11,12833799,1117,4
2014-12-11,11197151,954,5
2014-12-11,131283302,798,6
2014-12-11,45649071,790,7
2014-12-11,90035027,773,8
2014-12-11,124561281,750,9
2014-12-11,21875488,740,10
2014-12-11,60366651,722,11
2014-12-11,77374787,718,12
2014-12-11,7234861,715,13
2014-12-11,122150914,714,14
2014-12-11,139493879,709,15
2014-12-11,71929773,708,16
2014-12-11,73196588,693,17
2014-12-11,37357777,690,18
2014-12-11,131573117,685,19
2014-12-11,43794910,679,20
2014-12-11,57636921,651,21
2014-12-11,74314315,651,22
2014-12-11,16911051,636,23
2014-12-11,107376559,630,24
2014-12-11,89644945,628,25
2014-12-11,133152667,626,26
2014-12-11,67028419,623,27
2014-12-11,53080199,622,28
2014-12-11,75821100,618,29
2014-12-11,33463484,605,30
2014-12-11,23014965,602,31
2014-12-11,17883538,601,32
2014-12-11,114211505,599,33
2014-12-11,66150030,562,34
2014-12-11,8917150,559,35
2014-12-11,21978171,557,36
2014-12-11,41017872,555,37
2014-12-11,867381,551,38
2014-12-11,107487112,549,39
2014-12-11,46133505,539,40
2014-12-11,36233277,535,41
2014-12-11,56560718,529,42
2014-12-11,16066732,520,43
2014-12-11,19708378,514,44
2014-12-11,65949028,512,45
2014-12-11,58812216,510,46
2014-12-11,82575380,508,47
2014-12-11,102281568,507,48
2014-12-11,22369795,506,49
2014-12-11,87119704,504,50
2014-12-11,59511789,503,51
2014-12-11,8354126,494,52
2014-12-11,97427779,493,53
2014-12-11,68150938,491,54
2014-12-11,33797179,491,55
2014-12-11,37671999,488,56
2014-12-11,84566857,486,57
2014-12-11,89428650,485,58
2014-12-11,128055612,483,59
2014-12-11,112470845,481,60
2014-12-11,9639120,480,61
2014-12-11,53560831,479,62
2014-12-11,34424883,479,63
2014-12-11,61457956,479,64
2014-12-11,88079688,478,65
2014-12-11,116049086,474,66
2014-12-11,124259296,473,67
2014-12-11,86748372,472,68
2014-12-11,18781926,471,69
2014-12-11,31685709,460,70
2014-12-11,102923008,457,71
2014-12-11,142450275,456,72
2014-12-11,36497409,456,73
2014-12-11,65961855,456,74
2014-12-11,45433328,451,75
2014-12-11,118056913,451,76
2014-12-11,89931825,449,77
2014-12-11,72184942,449,78
2014-12-11,26857141,449,79
2014-12-11,31190628,442,80
2014-12-11,12940608,441,81
2014-12-11,75916920,438,82
2014-12-11,109056742,437,83
2014-12-11,108770715,433,84
2014-12-11,3694961,433,85
2014-12-11,106090167,432,86
2014-12-11,99480990,431,87
2014-12-11,128878698,430,88
2014-12-11,124063835,428,89
2014-12-11,111595300,427,90
2014-12-11,83813302,427,91
2014-12-11,52577851,427,92
2014-12-11,17825629,427,93
2014-12-11,3282021,425,94
2014-12-11,38141991,423,95
2014-12-11,26766183,422,96
2014-12-11,130547450,422,97
2014-12-11,48445034,420,98
2014-12-11,34553782,418,99
2014-12-11,82960193,416,100
2014-12-12,36233277,1935,1
2014-12-12,60032762,1679,2
2014-12-12,109928088,1293,3
2014-12-12,92706593,1286,4
2014-12-12,56560718,1190,5
2014-12-12,74314315,1172,6
2014-12-12,12833799,1122,7
2014-12-12,83813302,1088,8
2014-12-12,50443823,1084,9
2014-12-12,124291848,956,10
2014-12-12,37671999,940,11
2014-12-12,134109810,919,12
2014-12-12,55252215,896,13
2014-12-12,77139316,895,14
2014-12-12,77374787,873,15
2014-12-12,43794910,860,16
2014-12-12,102281568,848,17
2014-12-12,56653402,842,18
2014-12-12,7234861,833,19
2014-12-12,129903163,821,20
2014-12-12,122867103,817,21
2014-12-12,83954147,812,22
2014-12-12,23014965,810,23
2014-12-12,121000384,808,24
2014-12-12,61626894,792,25
2014-12-12,21978171,789,26
2014-12-12,59567091,778,27
2014-12-12,78704357,777,28
2014-12-12,45649071,776,29
2014-12-12,118330286,758,30
2014-12-12,82960193,754,31
2014-12-12,79134636,753,32
2014-12-12,70913065,737,33
2014-12-12,133680584,734,34
2014-12-12,4053567,731,35
2014-12-12,123227202,727,36
2014-12-12,10319860,724,37
2014-12-12,74285031,722,38
2014-12-12,16911051,709,39
2014-12-12,114211505,702,40
2014-12-12,109939909,688,41
2014-12-12,107376559,675,42
2014-12-12,58456864,667,43
2014-12-12,65162644,660,44
2014-12-12,56892801,657,45
2014-12-12,5315279,657,46
2014-12-12,15957740,656,47
2014-12-12,105744471,656,48
2014-12-12,105425480,652,49
2014-12-12,84698728,648,50
2014-12-12,15541192,648,51
2014-12-12,125411948,641,52
2014-12-12,86723232,637,53
2014-12-12,11683492,636,54
2014-12-12,128878698,631,55
2014-12-12,24062806,624,56
2014-12-12,133240213,617,57
2014-12-12,131283302,614,58
2014-12-12,44193672,614,59
2014-12-12,120594014,612,60
2014-12-12,91339068,610,61
2014-12-12,73135493,603,62
2014-12-12,28967361,598,63
2014-12-12,41929479,597,64
2014-12-12,56462249,597,65
2014-12-12,73196588,596,66
2014-12-12,40973276,594,67
2014-12-12,105616401,594,68
2014-12-12,19708378,593,69
2014-12-12,26562102,584,70
2014-12-12,29245673,583,71
2014-12-12,20733935,583,72
2014-12-12,138867561,580,73
2014-12-12,142120051,577,74
2014-12-12,99346682,576,75
2014-12-12,94329829,575,76
2014-12-12,57636921,574,77
2014-12-12,75821100,572,78
2014-12-12,60575815,571,79
2014-12-12,53080199,568,80
2014-12-12,139435539,565,81
2014-12-12,14447131,564,82
2014-12-12,71611159,563,83
2014-12-12,117301497,561,84
2014-12-12,142048623,561,85
2014-12-12,131573117,557,86
2014-12-12,78477282,554,87
2014-12-12,24356634,550,88
2014-12-12,12055347,550,89
2014-12-12,8354126,549,90
2014-12-12,37981108,549,91
2014-12-12,142450275,545,92
2014-12-12,6336487,542,93
2014-12-12,82905542,541,94
2014-12-12,131637785,541,95
2014-12-12,140452690,537,96
2014-12-12,133425852,537,97
2014-12-12,109056742,533,98
2014-12-12,116014140,531,99
2014-12-12,130547450,529,100
2014-12-13,36233277,1145,1
2014-12-13,5315279,975,2
2014-12-13,45649071,972,3
2014-12-13,130270245,889,4
2014-12-13,139435539,884,5
2014-12-13,36517589,880,6
2014-12-13,51926941,813,7
2014-12-13,59511789,796,8
2014-12-13,66412678,753,9
2014-12-13,123227202,742,10
2014-12-13,92706593,718,11
2014-12-13,34424883,706,12
2014-12-13,16911051,704,13
2014-12-13,37357777,701,14
2014-12-13,112171699,699,15
2014-12-13,123842164,685,16
2014-12-13,84949737,677,17
2014-12-13,122338823,674,18
2014-12-13,112570004,644,19
2014-12-13,29383294,642,20
2014-12-13,117968156,637,21
2014-12-13,82960193,615,22
2014-12-13,34553782,611,23
2014-12-13,20786149,600,24
2014-12-13,90720609,591,25
2014-12-13,77339861,588,26
2014-12-13,80775941,581,27
2014-12-13,109280382,572,28
2014-12-13,77374787,559,29
2014-12-13,110883373,549,30
2014-12-13,26622553,547,31
2014-12-13,124561281,537,32
2014-12-13,134928476,536,33
2014-12-13,12833799,536,34
2014-12-13,81497537,531,35
2014-12-13,12055347,515,36
2014-12-13,116384466,514,37
2014-12-13,34453652,509,38
2014-12-13,87983348,506,39
2014-12-13,3282021,503,40
2014-12-13,52772551,498,41
2014-12-13,71238931,495,42
2014-12-13,117026591,489,43
2014-12-13,79134636,486,44
2014-12-13,60366651,484,45
2014-12-13,67268928,484,46
2014-12-13,97369087,476,47
2014-12-13,128960133,469,48
2014-12-13,58902373,466,49
2014-12-13,11431275,461,50
2014-12-13,78331026,459,51
2014-12-13,57105532,451,52
2014-12-13,75292590,450,53
2014-12-13,7234861,447,54
2014-12-13,38782215,447,55
2014-12-13,33984927,446,56
2014-12-13,119681430,436,57
2014-12-13,137204928,427,58
2014-12-13,18781926,424,59
2014-12-13,23958465,423,60
2014-12-13,75916920,421,61
2014-12-13,24217106,419,62
2014-12-13,74314315,418,63
2014-12-13,21978171,415,64
2014-12-13,83813302,415,65
2014-12-13,43729347,414,66
2014-12-13,41017872,413,67
2014-12-13,111073682,412,68
2014-12-13,18597404,411,69
2014-12-13,55192254,406,70
2014-12-13,41286340,405,71
2014-12-13,43803932,402,72
2014-12-13,74418729,402,73
2014-12-13,123450171,400,74
2014-12-13,101508404,398,75
2014-12-13,81076699,398,76
2014-12-13,141600808,397,77
2014-12-13,98583943,394,78
2014-12-13,129894791,390,79
2014-12-13,71929773,390,80
2014-12-13,29245673,390,81
2014-12-13,134010761,389,82
2014-12-13,110007607,385,83
2014-12-13,6177572,384,84
2014-12-13,31446692,383,85
2014-12-13,82575380,383,86
2014-12-13,54423533,382,87
2014-12-13,79807626,380,88
2014-12-13,31732015,379,89
2014-12-13,81611585,377,90
2014-12-13,52660721,374,91
2014-12-13,80264762,373,92
2014-12-13,81633439,373,93
2014-12-13,120321894,368,94
2014-12-13,118061360,368,95
2014-12-13,87642673,367,96
2014-12-13,141794752,366,97
2014-12-13,138891580,364,98
2014-12-13,59659116,364,99
2014-12-13,31309091,363,100
2014-12-14,36233277,2186,1
2014-12-14,74752035,1232,2
2014-12-14,59511789,1038,3
2014-12-14,3282021,965,4
2014-12-14,60032762,928,5
2014-12-14,45649071,868,6
2014-12-14,9451374,858,7
2014-12-14,16911051,826,8
2014-12-14,73218701,755,9
2014-12-14,20786149,752,10
2014-12-14,49394233,704,11
2014-12-14,48776635,687,12
2014-12-14,51926941,681,13
2014-12-14,100326985,673,14
2014-12-14,83813302,663,15
2014-12-14,139435539,647,16
2014-12-14,133240213,645,17
2014-12-14,130270245,632,18
2014-12-14,56462249,627,19
2014-12-14,59659116,617,20
2014-12-14,17908580,613,21
2014-12-14,7234861,592,22
2014-12-14,57824292,581,23
2014-12-14,91731364,561,24
2014-12-14,55207467,559,25
2014-12-14,46066007,534,26
2014-12-14,71611159,533,27
2014-12-14,83584379,529,28
2014-12-14,82960193,527,29
2014-12-14,9149930,515,30
2014-12-14,20733935,512,31
2014-12-14,135402088,512,32
2014-12-14,84566857,508,33
2014-12-14,131573117,505,34
2014-12-14,80775941,504,35
2014-12-14,83764719,499,36
2014-12-14,117301497,493,37
2014-12-14,37357777,490,38
2014-12-14,71238931,488,39
2014-12-14,70012916,485,40
2014-12-14,16807373,485,41
2014-12-14,48793683,475,42
2014-12-14,65949028,465,43
2014-12-14,2097413,460,44
2014-12-14,65683052,459,45
2014-12-14,189833,457,46
2014-12-14,11680145,456,47
2014-12-14,79134636,455,48
2014-12-14,140409125,455,49
2014-12-14,99503510,454,50
2014-12-14,70889190,454,51
2014-12-14,39421120,451,52
2014-12-14,34305614,450,53
2014-12-14,70240139,440,54
2014-12-14,126010230,440,55
2014-12-14,141600808,440,56
2014-12-14,8325510,438,57
2014-12-14,12055347,435,58
2014-12-14,15821703,435,59
2014-12-14,113847593,434,60
2014-12-14,115159934,433,61
2014-12-14,117006290,432,62
2014-12-14,20903813,427,63
2014-12-14,66831202,426,64
2014-12-14,136769457,418,65
2014-12-14,103439105,416,66
2014-12-14,73196588,416,67
2014-12-14,62142957,412,68
2014-12-14,95528086,409,69
2014-12-14,58581609,408,70
2014-12-14,62764948,405,71
2014-12-14,123446005,404,72
2014-12-14,828731,402,73
2014-12-14,87642673,401,74
2014-12-14,12628544,400,75
2014-12-14,117544930,398,76
2014-12-14,52577851,395,77
2014-12-14,31456519,393,78
2014-12-14,106342906,393,79
2014-12-14,23165095,389,80
2014-12-14,129894791,388,81
2014-12-14,61457956,387,82
2014-12-14,80954170,383,83
2014-12-14,17883538,383,84
2014-12-14,17552766,383,85
2014-12-14,12833799,382,86
2014-12-14,90792846,381,87
2014-12-14,104816721,380,88
2014-12-14,42501145,380,89
2014-12-14,22962826,378,90
2014-12-14,48767456,372,91
2014-12-14,51492142,369,92
2014-12-14,83062037,369,93
2014-12-14,13403684,362,94
2014-12-14,48752418,362,95
2014-12-14,22577104,362,96
2014-12-14,101435898,357,97
2014-12-14,71929773,356,98
2014-12-14,67849399,353,99
2014-12-14,134109810,351,100
2014-12-15,121000384,997,1
2014-12-15,34424883,979,2
2014-12-15,36233277,978,3
2014-12-15,11197151,930,4
2014-12-15,133240213,878,5
2014-12-15,59511789,876,6
2014-12-15,119681430,828,7
2014-12-15,45649071,758,8
2014-12-15,111595300,752,9
2014-12-15,20786149,728,10
2014-12-15,12628544,693,11
2014-12-15,89428650,682,12
2014-12-15,137998405,670,13
2014-12-15,51926941,647,14
2014-12-15,12940608,628,15
2014-12-15,103472750,627,16
2014-12-15,16807373,625,17
2014-12-15,116851361,607,18
2014-12-15,74314315,605,19
2014-12-15,87658501,602,20
2014-12-15,24356634,578,21
2014-12-15,16911051,573,22
2014-12-15,74752035,567,23
2014-12-15,4261260,564,24
2014-12-15,32185277,563,25
2014-12-15,28720302,552,26
2014-12-15,101120745,550,27
2014-12-15,141016162,546,28
2014-12-15,75292590,546,29
2014-12-15,101435898,544,30
2014-12-15,83813302,543,31
2014-12-15,8325510,541,32
2014-12-15,106090167,523,33
2014-12-15,115343862,523,34
2014-12-15,66831202,519,35
2014-12-15,97838802,517,36
2014-12-15,84892889,515,37
2014-12-15,136769457,512,38
2014-12-15,139435539,509,39
2014-12-15,101698393,509,40
2014-12-15,51204443,509,41
2014-12-15,30740491,506,42
2014-12-15,23958465,493,43
2014-12-15,116384466,491,44
2014-12-15,106300508,490,45
2014-12-15,140452690,489,46
2014-12-15,65683052,487,47
2014-12-15,24062806,486,48
2014-12-15,130041655,484,49
2014-12-15,51492142,481,50
2014-12-15,61457956,473,51
2014-12-15,6345483,467,52
2014-12-15,43051852,466,53
2014-12-15,59248477,462,54
2014-12-15,85120673,451,55
2014-12-15,120962802,449,56
2014-12-15,69626316,441,57
2014-12-15,49848032,440,58
2014-12-15,31446692,437,59
2014-12-15,75251738,437,60
2014-12-15,129489291,432,61
2014-12-15,124303059,430,62
2014-12-15,53080199,428,63
2014-12-15,19708378,426,64
2014-12-15,62639453,423,65
2014-12-15,130540064,419,66
2014-12-15,83073587,418,67
2014-12-15,139793464,417,68
2014-12-15,134109810,409,69
2014-12-15,91731364,408,70
2014-12-15,136009227,403,71
2014-12-15,85497599,397,72
2014-12-15,53150140,397,73
2014-12-15,97073377,392,74
2014-12-15,131472598,391,75
2014-12-15,24474599,389,76
2014-12-15,33797179,388,77
2014-12-15,67168345,387,78
2014-12-15,2097413,385,79
2014-12-15,52256064,382,80
2014-12-15,93479181,380,81
2014-12-15,138793462,380,82
2014-12-15,138867561,379,83
2014-12-15,124926433,377,84
2014-12-15,77374787,377,85
2014-12-15,97464808,376,86
2014-12-15,73135493,372,87
2014-12-15,7234861,368,88
2014-12-15,131283302,368,89
2014-12-15,23591123,365,90
2014-12-15,111768420,363,91
2014-12-15,103489606,362,92
2014-12-15,135402088,361,93
2014-12-15,129809988,361,94
2014-12-15,33984927,361,95
2014-12-15,30933630,360,96
2014-12-15,120321894,360,97
2014-12-15,138843810,360,98
2014-12-15,102663288,358,99
2014-12-15,137204928,358,100
2014-12-16,130270245,2663,1
2014-12-16,123842164,973,2
2014-12-16,91731364,926,3
2014-12-16,74752035,883,4
2014-12-16,59422637,854,5
2014-12-16,122388121,832,6
2014-12-16,59511789,783,7
2014-12-16,56462249,763,8
2014-12-16,129377104,698,9
2014-12-16,50904788,691,10
2014-12-16,36233277,673,11
2014-12-16,29383294,672,12
2014-12-16,19708378,649,13
2014-12-16,89736791,635,14
2014-12-16,125411948,590,15
2014-12-16,52772551,572,16
2014-12-16,9639120,561,17
2014-12-16,86239261,559,18
2014-12-16,121000384,555,19
2014-12-16,100326985,553,20
2014-12-16,117718025,534,21
2014-12-16,101698393,528,22
2014-12-16,81611585,519,23
2014-12-16,69696698,513,24
2014-12-16,74314315,513,25
2014-12-16,67268928,511,26
2014-12-16,137998405,509,27
2014-12-16,119681430,509,28
2014-12-16,1926899,507,29
2014-12-16,77443046,497,30
2014-12-16,53416987,497,31
2014-12-16,80775941,494,32
2014-12-16,71238931,492,33
2014-12-16,110690572,479,34
2014-12-16,138100684,478,35
2014-12-16,97389266,477,36
2014-12-16,15437545,476,37
2014-12-16,85164456,472,38
2014-12-16,140747079,466,39
2014-12-16,102930156,463,40
2014-12-16,21696214,463,41
2014-12-16,82960193,461,42
2014-12-16,74049444,458,43
2014-12-16,75251738,454,44
2014-12-16,5478302,444,45
2014-12-16,33315048,442,46
2014-12-16,73462715,440,47
2014-12-16,131573117,437,48
2014-12-16,122338823,435,49
2014-12-16,99346682,434,50
2014-12-16,16911051,432,51
2014-12-16,9868602,430,52
2014-12-16,119627646,423,53
2014-12-16,101435898,423,54
2014-12-16,11361547,417,55
2014-12-16,3694961,415,56
2014-12-16,86748372,415,57
2014-12-16,21562611,414,58
2014-12-16,96843841,413,59
2014-12-16,77055357,411,60
2014-12-16,33797179,408,61
2014-12-16,129903163,406,62
2014-12-16,107416583,405,63
2014-12-16,25371517,398,64
2014-12-16,11197151,397,65
2014-12-16,5938241,396,66
2014-12-16,62571710,392,67
2014-12-16,83813302,382,68
2014-12-16,17883538,381,69
2014-12-16,86435238,380,70
2014-12-16,116049086,379,71
2014-12-16,77374787,378,72
2014-12-16,34305614,377,73
2014-12-16,135157689,374,74
2014-12-16,7612152,374,75
2014-12-16,139435539,373,76
2014-12-16,16066732,371,77
2014-12-16,12570225,370,78
2014-12-16,36738292,370,79
2014-12-16,124992372,369,80
2014-12-16,12833799,368,81
2014-12-16,28967361,367,82
2014-12-16,15957740,362,83
2014-12-16,110883373,362,84
2014-12-16,128521783,361,85
2014-12-16,38141991,358,86
2014-12-16,79587494,356,87
2014-12-16,4561993,356,88
2014-12-16,97073377,353,89
2014-12-16,79253885,353,90
2014-12-16,15503033,351,91
2014-12-16,142120051,350,92
2014-12-16,106863941,349,93
2014-12-16,35324602,349,94
2014-12-16,110522016,348,95
2014-12-16,213655,348,96
2014-12-16,38588481,346,97
2014-12-16,7234861,345,98
2014-12-16,71611159,341,99
2014-12-16,22577104,339,100
2014-12-17,38839327,1097,1
2014-12-17,130270245,1012,2
2014-12-17,99775965,974,3
2014-12-17,59511789,850,4
2014-12-17,21875488,845,5
2014-12-17,36233277,779,6
2014-12-17,91731364,746,7
2014-12-17,139435539,714,8
2014-12-17,137998405,710,9
2014-12-17,101698393,707,10
2014-12-17,123842164,684,11
2014-12-17,83813302,681,12
2014-12-17,125411948,680,13
2014-12-17,5315279,676,14
2014-12-17,70913065,651,15
2014-12-17,141600808,648,16
2014-12-17,30933630,646,17
2014-12-17,132420118,641,18
2014-12-17,52660721,638,19
2014-12-17,73462715,618,20
2014-12-17,34163245,604,21
2014-12-17,129809988,600,22
2014-12-17,7234861,572,23
2014-12-17,93479181,567,24
2014-12-17,101435898,566,25
2014-12-17,28739065,551,26
2014-12-17,112009033,550,27
2014-12-17,117301497,545,28
2014-12-17,12570225,544,29
2014-12-17,129903163,533,30
2014-12-17,43592945,517,31
2014-12-17,72306639,515,32
2014-12-17,83073587,514,33
2014-12-17,11197151,505,34
2014-12-17,84465849,501,35
2014-12-17,117968156,500,36
2014-12-17,71238931,482,37
2014-12-17,80481728,479,38
2014-12-17,23958465,475,39
2014-12-17,85308332,472,40
2014-12-17,55207467,471,41
2014-12-17,88815441,468,42
2014-12-17,38588481,465,43
2014-12-17,106300508,461,44
2014-12-17,131573117,460,45
2014-12-17,122721008,458,46
2014-12-17,96789058,455,47
2014-12-17,130620874,453,48
2014-12-17,86673531,449,49
2014-12-17,87658501,443,50
2014-12-17,75251738,443,51
2014-12-17,85052259,441,52
2014-12-17,121528560,435,53
2014-12-17,118525064,434,54
2014-12-17,3694961,429,55
2014-12-17,90792846,428,56
2014-12-17,26052997,427,57
2014-12-17,86723232,424,58
2014-12-17,17635361,422,59
2014-12-17,135402088,422,60
2014-12-17,29791483,417,61
2014-12-17,24217106,416,62
2014-12-17,107552130,415,63
2014-12-17,130132447,412,64
2014-12-17,40211203,407,65
2014-12-17,3282021,401,66
2014-12-17,130540064,400,67
2014-12-17,121000384,399,68
2014-12-17,51492142,398,69
2014-12-17,88340891,397,70
2014-12-17,141016162,397,71
2014-12-17,134109810,396,72
2014-12-17,14735918,396,73
2014-12-17,82905542,394,74
2014-12-17,28967361,393,75
2014-12-17,98798352,392,76
2014-12-17,125193088,391,77
2014-12-17,74947645,390,78
2014-12-17,16606794,388,79
2014-12-17,70891589,386,80
2014-12-17,70876649,385,81
2014-12-17,52772551,385,82
2014-12-17,123450171,385,83
2014-12-17,129377104,381,84
2014-12-17,110522016,381,85
2014-12-17,134424507,379,86
2014-12-17,48767456,375,87
2014-12-17,52577851,374,88
2014-12-17,65087297,374,89
2014-12-17,85994287,372,90
2014-12-17,73196588,369,91
2014-12-17,36561036,366,92
2014-12-17,140780237,366,93
2014-12-17,108829095,365,94
2014-12-17,69953834,365,95
2014-12-17,117903708,364,96
2014-12-17,62764948,361,97
2014-12-17,124303059,358,98
2014-12-17,53080199,356,99
2014-12-17,52808446,354,100
2014-12-18,91731364,1738,1
2014-12-18,45649071,1008,2
2014-12-18,140257001,1004,3
2014-12-18,59511789,981,4
2014-12-18,3694961,949,5
2014-12-18,90792846,899,6
2014-12-18,124992372,875,7
2014-12-18,33984927,869,8
2014-12-18,8325510,817,9
2014-12-18,71238931,771,10
2014-12-18,123842164,723,11
2014-12-18,78704357,714,12
2014-12-18,117301497,668,13
2014-12-18,81611585,665,14
2014-12-18,34424883,659,15
2014-12-18,131573117,635,16
2014-12-18,126046148,622,17
2014-12-18,56462249,605,18
2014-12-18,70240139,573,19
2014-12-18,133240213,569,20
2014-12-18,19708378,553,21
2014-12-18,74314315,551,22
2014-12-18,48776635,549,23
2014-12-18,59422637,536,24
2014-12-18,70876649,520,25
2014-12-18,93479181,515,26
2014-12-18,109280382,510,27
2014-12-18,36233277,504,28
2014-12-18,73196588,503,29
2014-12-18,110883373,501,30
2014-12-18,107209058,496,31
2014-12-18,79587494,488,32
2014-12-18,33797179,486,33
2014-12-18,27565397,479,34
2014-12-18,84566857,479,35
2014-12-18,82960193,478,36
2014-12-18,130270245,473,37
2014-12-18,83802493,472,38
2014-12-18,33315048,469,39
2014-12-18,130132447,468,40
2014-12-18,52772551,460,41
2014-12-18,23958465,460,42
2014-12-18,3282021,458,43
2014-12-18,65352076,455,44
2014-12-18,75251738,453,45
2014-12-18,59567091,449,46
2014-12-18,20786149,446,47
2014-12-18,122867103,444,48
2014-12-18,83073587,442,49
2014-12-18,86239261,438,50
2014-12-18,35272739,432,51
2014-12-18,57386575,431,52
2014-12-18,103504610,431,53
2014-12-18,99775965,431,54
2014-12-18,117221482,431,55
2014-12-18,51492142,429,56
2014-12-18,73462715,429,57
2014-12-18,130946680,428,58
2014-12-18,31612475,426,59
2014-12-18,32695127,425,60
2014-12-18,81608134,422,61
2014-12-18,36593288,419,62
2014-12-18,121000384,416,63
2014-12-18,111213707,416,64
2014-12-18,121528560,411,65
2014-12-18,31979461,407,66
2014-12-18,91239449,407,67
2014-12-18,82320644,406,68
2014-12-18,133888509,405,69
2014-12-18,130540064,403,70
2014-12-18,125871904,401,71
2014-12-18,63052028,401,72
2014-12-18,129558614,400,73
2014-12-18,122721008,399,74
2014-12-18,99346682,396,75
2014-12-18,92928708,395,76
2014-12-18,135196347,392,77
2014-12-18,76253363,391,78
2014-12-18,23847626,389,79
2014-12-18,77443046,388,80
2014-12-18,48270094,388,81
2014-12-18,104735935,380,82
2014-12-18,60535085,377,83
2014-12-18,139435539,377,84
2014-12-18,21023173,376,85
2014-12-18,123062624,373,86
2014-12-18,107376559,372,87
2014-12-18,82575380,370,88
2014-12-18,39108941,369,89
2014-12-18,60575815,367,90
2014-12-18,116049086,365,91
2014-12-18,7234861,364,92
2014-12-18,36808723,360,93
2014-12-18,77374787,360,94
2014-12-18,50673557,356,95
2014-12-18,52534043,355,96
2014-12-18,128521783,355,97
2014-12-18,116509312,354,98
2014-12-18,8382449,354,99
2014-12-18,77528436,352,100
